"","X","pv","mm","wm","gene","ty"
"1","ucec_ZNF831",0.174571276185088,0.5,0.472947653320173,"ZNF831","ucec"
"2","ucec_ZNF729",3.83521211316121e-14,0.454545454545454,0.478749501440785,"ZNF729","ucec"
"3","ucec_ZNF536",0.621217070938072,0.482517482517482,0.476373425633878,"ZNF536","ucec"
"4","ucec_ZNF469",1.11112269642349e-43,0.432142857142857,0.485284077541087,"ZNF469","ucec"
"5","ucec_ZFP36L2",4.78997361850534e-26,0.433333333333333,0.482498471218599,"ZFP36L2","ucec"
"6","ucec_ZFHX4",6.14777285638038e-10,0.456140350877193,0.479868532476183,"ZFHX4","ucec"
"7","ucec_ZDBF2",2.24958474507854e-18,0.446644934740766,0.480490630911083,"ZDBF2","ucec"
"8","ucec_XIRP2",1.24785768750992e-99,0.4,0.490805256786459,"XIRP2","ucec"
"9","ucec_WDFY4",8.9839299160447e-62,0.413375769702444,0.485610567782758,"WDFY4","ucec"
"10","ucec_WDFY3",1.48812540910607e-48,0.428571428571429,0.485296282411639,"WDFY3","ucec"
"11","ucec_VCAN",3.41558184880161e-15,0.45,0.479506908004827,"VCAN","ucec"
"12","ucec_USH2A",2.90126919619776e-16,0.454545454545455,0.47913844304351,"USH2A","ucec"
"13","ucec_UNC13C",4.14111384694601e-44,0.426781978465419,0.481311461488599,"UNC13C","ucec"
"14","ucec_UBR4",2.78437642261121e-09,0.463160745842853,0.47696975545809,"UBR4","ucec"
"15","ucec_TP53",3.10062088640645e-112,0.560104081851953,0.446279530397625,"TP53","ucec"
"16","ucec_THSD7B",3.05508036344723e-32,0.433333333333333,0.479435457652463,"THSD7B","ucec"
"17","ucec_TEX13C",6.94873005213052e-27,0.433333333333333,0.481054614243194,"TEX13C","ucec"
"18","ucec_TENM4",8.94289121340351e-73,0.416666666666667,0.487320082248115,"TENM4","ucec"
"19","ucec_TENM3",3.78517047050124e-25,0.448418581022795,0.484069710821458,"TENM3","ucec"
"20","ucec_TENM1",2.00378517694094e-43,0.434065934065934,0.483860092220171,"TENM1","ucec"
"21","ucec_TAF1L",8.18354062608018e-18,0.45,0.480702513798564,"TAF1L","ucec"
"22","ucec_TACC2",2.08265507118887e-56,0.418181818181818,0.484605202437065,"TACC2","ucec"
"23","ucec_SYNE2",2.74618339556133e-33,0.442424242424242,0.48423368002788,"SYNE2","ucec"
"24","ucec_SYNE1",0.00460723602021231,0.5,0.474211843899241,"SYNE1","ucec"
"25","ucec_SVIL",1.13465586011574e-67,0.409926707134118,0.488063844972376,"SVIL","ucec"
"26","ucec_SVEP1",0.327734809262648,0.5,0.47731477006191,"SVEP1","ucec"
"27","ucec_STARD9",1.31512904575324e-07,0.463160745842853,0.480293394415109,"STARD9","ucec"
"28","ucec_SRCAP",2.77599814062812e-25,0.442105263157895,0.482008653771759,"SRCAP","ucec"
"29","ucec_SPTA1",5.95611124086729e-09,0.461485484212757,0.478715099975927,"SPTA1","ucec"
"30","ucec_SPEG",5.00257932751355e-62,0.418181818181818,0.486013011252316,"SPEG","ucec"
"31","ucec_SI",6.35818877873697e-31,0.435150252552976,0.480044158976269,"SI","ucec"
"32","ucec_SETD1B",3.73574272027995e-16,0.527272727272727,0.473378164932016,"SETD1B","ucec"
"33","ucec_SCN1A",1.2071430299049e-15,0.451886800728091,0.480584426626611,"SCN1A","ucec"
"34","ucec_SACS",3.00187543829057e-80,0.406593406593407,0.489893110663656,"SACS","ucec"
"35","ucec_RYR3",0.0393898193989628,0.477195919959303,0.475136820722712,"RYR3","ucec"
"36","ucec_RYR2",4.14197809399421e-33,0.436363636363636,0.482923082706094,"RYR2","ucec"
"37","ucec_RYR1",2.19044206948995e-106,0.4,0.488952794920131,"RYR1","ucec"
"38","ucec_RP1L1",2.57242947733134e-77,0.4,0.488105539150442,"RP1L1","ucec"
"39","ucec_RP1",0.000423006568121578,0.47368712643019,0.477652522267185,"RP1","ucec"
"40","ucec_RNF43",8.78337966311404e-18,0.451169615262198,0.482282704799507,"RNF43","ucec"
"41","ucec_RNF213",6.61402196401732e-25,0.447552447552448,0.484638562439682,"RNF213","ucec"
"42","ucec_RELN",3.03926076588087e-05,0.476991622990762,0.4781622234827,"RELN","ucec"
"43","ucec_PXDNL",3.71587435590819e-09,0.466666666666667,0.479811957231723,"PXDNL","ucec"
"44","ucec_PTPRZ1",3.58878258849733e-74,0.409090909090909,0.487542044601821,"PTPRZ1","ucec"
"45","ucec_PTPRT",3.47008008248558e-18,0.45,0.478700434482563,"PTPRT","ucec"
"46","ucec_PTPRQ",3.55057854761549e-22,0.45,0.482218785447984,"PTPRQ","ucec"
"47","ucec_PTEN",2.82887145774245e-116,0.447619189965343,0.568472896877704,"PTEN","ucec"
"48","ucec_PPP1R3A",3.9898255671857e-17,0.45,0.478547439827026,"PPP1R3A","ucec"
"49","ucec_PLEC",6.33489525977934e-10,0.516483516483516,0.473545675412133,"PLEC","ucec"
"50","ucec_PKHD1L1",9.85491498010968e-14,0.45,0.481199661581277,"PKHD1L1","ucec"
"51","ucec_PKHD1",4.20495487946633e-05,0.468531468531469,0.476014083191603,"PKHD1","ucec"
"52","ucec_PKD1",1.14961978401353e-18,0.455929157760048,0.48345358342398,"PKD1","ucec"
"53","ucec_PIK3CA",0.000922321332995661,0.471876017976293,0.490023311140158,"PIK3CA","ucec"
"54","ucec_PIEZO2",3.27666366085657e-26,0.442424242424242,0.482586169026517,"PIEZO2","ucec"
"55","ucec_PCLO",0.0550324878457634,0.495204165750181,0.473728428394543,"PCLO","ucec"
"56","ucec_PCDH17",0.928625750889795,0.5,0.477244315561894,"PCDH17","ucec"
"57","ucec_PCDH15",0.00363015079871127,0.480245379507251,0.47838308084515,"PCDH15","ucec"
"58","ucec_PAPPA2",1.46681548205032e-90,0.398601398601399,0.487375952606127,"PAPPA2","ucec"
"59","ucec_OBSCN",4.13571915631116e-16,0.452594641906234,0.484685529713646,"OBSCN","ucec"
"60","ucec_NRXN1",3.57121266951198e-07,0.467545296001772,0.48032375757718,"NRXN1","ucec"
"61","ucec_NOTCH1",5.75855058144292e-43,0.428586561476169,0.485195044713711,"NOTCH1","ucec"
"62","ucec_NOS1",6.33992303667963e-45,0.416666666666667,0.482657109948582,"NOS1","ucec"
"63","ucec_NIPBL",0.147678091322143,0.485714285714286,0.474969586495836,"NIPBL","ucec"
"64","ucec_NFASC",7.14627551655922e-10,0.515151515151515,0.474422813342962,"NFASC","ucec"
"65","ucec_NF1",1.84893331912952e-09,0.466666666666667,0.477050072598808,"NF1","ucec"
"66","ucec_NEB",1.36540176529324e-81,0.402802719294549,0.485853589805131,"NEB","ucec"
"67","ucec_MYT1L",1.72699240531074e-38,0.43030303030303,0.484951113897553,"MYT1L","ucec"
"68","ucec_MYO16",3.25154920640095e-48,0.419668629448266,0.482598822547983,"MYO16","ucec"
"69","ucec_MYLK",3.08341152077099e-13,0.464285714285714,0.481586282327255,"MYLK","ucec"
"70","ucec_MYH15",0.00583215826005907,0.5,0.475422467918413,"MYH15","ucec"
"71","ucec_MYH1",2.6963125219085e-60,0.416666666666667,0.485094303367009,"MYH1","ucec"
"72","ucec_MXRA5",2.38539674781836e-12,0.460255074815648,0.479500601607944,"MXRA5","ucec"
"73","ucec_MUC5B",7.93528968784184e-09,0.461538461538462,0.480510882574309,"MUC5B","ucec"
"74","ucec_MUC17",1.654978283414e-17,0.454545454545455,0.480145715653294,"MUC17","ucec"
"75","ucec_MUC16",0.000225679339683913,0.472527472527473,0.477973367609447,"MUC16","ucec"
"76","ucec_MEGF8",3.34364968803338e-30,0.437691991449647,0.484445814624738,"MEGF8","ucec"
"77","ucec_MDN1",0.691410183691867,0.490909090909091,0.476354811315144,"MDN1","ucec"
"78","ucec_MAGEL2",3.72374082762646e-20,0.45,0.479222651863026,"MAGEL2","ucec"
"79","ucec_LRRK2",1.96594204433609e-66,0.409090909090909,0.486335967085326,"LRRK2","ucec"
"80","ucec_LRP2",1.15795525107302e-54,0.423076923076923,0.488122514835813,"LRP2","ucec"
"81","ucec_LRP1B",1.53241394292233e-05,0.483333333333333,0.480148766155237,"LRP1B","ucec"
"82","ucec_LOXHD1",3.03960412007556e-106,0.384940608027633,0.486891388262248,"LOXHD1","ucec"
"83","ucec_LAMA2",2.02334073814675e-24,0.448170731707317,0.48266783986225,"LAMA2","ucec"
"84","ucec_LAMA1",0.00130028826974283,0.483333333333333,0.479048109660508,"LAMA1","ucec"
"85","ucec_KRAS",8.31002932174922e-19,0.456970014137487,0.487511545536548,"KRAS","ucec"
"86","ucec_KMT2D",1.102952989236e-56,0.426470588235294,0.492099516979398,"KMT2D","ucec"
"87","ucec_KMT2C",3.40594484135756e-41,0.428571428571429,0.482736863632411,"KMT2C","ucec"
"88","ucec_KMT2B",7.6067997925247e-61,0.423219696329299,0.495949390778482,"KMT2B","ucec"
"89","ucec_KMT2A",0.00489459174795251,0.481818181818182,0.479866947373166,"KMT2A","ucec"
"90","ucec_KIAA1211",5.04857201532346e-05,0.472727272727273,0.477864621204257,"KIAA1211","ucec"
"91","ucec_IGFN1",1.50179361287033e-62,0.418181818181818,0.486411927108304,"IGFN1","ucec"
"92","ucec_ICE1",4.66888810273645e-117,0.383333333333333,0.48851035097193,"ICE1","ucec"
"93","ucec_HYDIN",1.05554390945161e-117,0.383333333333333,0.486305293790755,"HYDIN","ucec"
"94","ucec_HMCN1",8.9072672147883e-12,0.457302010726644,0.480357108133118,"HMCN1","ucec"
"95","ucec_HERC2",0.00975083631164764,0.470588235294118,0.477089343911234,"HERC2","ucec"
"96","ucec_HERC1",0.759893657312709,0.490909090909091,0.476847006277963,"HERC1","ucec"
"97","ucec_HECW1",9.4520447938144e-54,0.418181818181818,0.484000559552794,"HECW1","ucec"
"98","ucec_GPR158",1.01019767371592e-06,0.466666666666667,0.476909074042475,"GPR158","ucec"
"99","ucec_FSIP2",1.29826627585711e-60,0.415384615384615,0.488472421880995,"FSIP2","ucec"
"100","ucec_FRY",9.5941678920622e-11,0.466666666666667,0.480573639988409,"FRY","ucec"
"101","ucec_FMN2",4.75918185184636e-06,0.472727272727273,0.479864310771768,"FMN2","ucec"
"102","ucec_FLNC",2.89914032684258e-18,0.45,0.48205002290562,"FLNC","ucec"
"103","ucec_FLG",4.57751175901195e-36,0.43741444406518,0.482858230561146,"FLG","ucec"
"104","ucec_FCGBP",0.0949933882177352,0.483333333333333,0.477803001482156,"FCGBP","ucec"
"105","ucec_FBN2",8.54847724343667e-36,0.43030303030303,0.479221206637035,"FBN2","ucec"
"106","ucec_FAT4",1.53454919323007e-39,0.43030303030303,0.482974285001893,"FAT4","ucec"
"107","ucec_FAT3",0.85095884456865,0.486865895495151,0.476256212958256,"FAT3","ucec"
"108","ucec_FAT2",3.11411594072419e-08,0.463736263736264,0.479170226041808,"FAT2","ucec"
"109","ucec_FAT1",6.50089753580579e-15,0.454545454545455,0.480625377434086,"FAT1","ucec"
"110","ucec_EYS",1.78134658002531e-37,0.428571428571429,0.481690606679733,"EYS","ucec"
"111","ucec_DYNC2H1",1.4038182200527e-105,0.393939393939394,0.488095272171334,"DYNC2H1","ucec"
"112","ucec_DST",0.0537502013404486,0.481818181818182,0.477387386528572,"DST","ucec"
"113","ucec_DSP",6.24903095070209e-89,0.4,0.488278909012181,"DSP","ucec"
"114","ucec_DPP6",0.00938528824037584,0.481818181818182,0.477036047147928,"DPP6","ucec"
"115","ucec_DNAH8",1.78687513292755e-23,0.44483430739485,0.480466866136003,"DNAH8","ucec"
"116","ucec_DNAH7",4.82655965607868e-17,0.454545454545455,0.479430461371317,"DNAH7","ucec"
"117","ucec_DNAH6",2.33743197937022e-49,0.416666666666667,0.485362844122192,"DNAH6","ucec"
"118","ucec_DNAH5",0.632385291715742,0.484213507017528,0.47426251393546,"DNAH5","ucec"
"119","ucec_DNAH3",1.29299801774327e-24,0.447552447552448,0.478696275055751,"DNAH3","ucec"
"120","ucec_DNAH17",9.01572209058256e-83,0.412868797570312,0.48878547334438,"DNAH17","ucec"
"121","ucec_DNAH14",3.87729592222997e-70,0.406060606060606,0.485740544643105,"DNAH14","ucec"
"122","ucec_DNAH11",0.00134132719292419,0.476190476190476,0.476639583740235,"DNAH11","ucec"
"123","ucec_DNAH10",1.72686721813777e-87,0.400882029736934,0.49270568882247,"DNAH10","ucec"
"124","ucec_DMD",0.000936941192711498,0.473805329481333,0.478526850634515,"DMD","ucec"
"125","ucec_DLGAP2",0.323010884677848,0.48747279090868,0.477910508838493,"DLGAP2","ucec"
"126","ucec_DCHS2",7.17499295210141e-29,0.433566433566434,0.483520696823277,"DCHS2","ucec"
"127","ucec_DCHS1",0.329533013262868,0.483333333333333,0.477221447756544,"DCHS1","ucec"
"128","ucec_CUBN",1.8980156951527e-27,0.442424242424242,0.483760320006031,"CUBN","ucec"
"129","ucec_CTNNB1",0.402155631146421,0.485587583148559,0.476925166775882,"CTNNB1","ucec"
"130","ucec_CTNNA2",0.000537516459072012,0.478787878787879,0.479718992120929,"CTNNA2","ucec"
"131","ucec_CSMD3",2.84329105001816e-75,0.415384615384615,0.489634278727584,"CSMD3","ucec"
"132","ucec_CSMD2",3.46192301620466e-10,0.514979292622701,0.471198783478467,"CSMD2","ucec"
"133","ucec_CSMD1",5.0122469630058e-18,0.454545454545455,0.478533968063343,"CSMD1","ucec"
"134","ucec_COL6A6",3.92620508317452e-17,0.451886800728091,0.482996315358288,"COL6A6","ucec"
"135","ucec_COL6A3",6.07785198525247e-60,0.41958041958042,0.485343336480899,"COL6A3","ucec"
"136","ucec_COL5A1",3.97548336102046e-39,0.43030303030303,0.483549285387189,"COL5A1","ucec"
"137","ucec_COL12A1",2.52734199866077e-21,0.445454545454546,0.4808171344388,"COL12A1","ucec"
"138","ucec_COL11A1",7.03040788075191e-64,0.407296714265643,0.484094434856833,"COL11A1","ucec"
"139","ucec_CNTN6",0.000407843007074114,0.476991622990762,0.476504173608317,"CNTN6","ucec"
"140","ucec_CELSR1",2.31464571090422e-06,0.509090909090909,0.472518529981379,"CELSR1","ucec"
"141","ucec_CDH23",0.00311371068597547,0.483333333333333,0.47740743805544,"CDH23","ucec"
"142","ucec_CCDC168",4.51148640276906e-26,0.444117647058824,0.482795878784696,"CCDC168","ucec"
"143","ucec_CACNA1C",0.607295744411904,0.490909090909091,0.474121479114765,"CACNA1C","ucec"
"144","ucec_CACNA1B",2.85331812341654e-21,0.447552447552448,0.484338597438946,"CACNA1B","ucec"
"145","ucec_CACNA1A",1.04488305436603e-18,0.447552447552448,0.479357912537878,"CACNA1A","ucec"
"146","ucec_ASXL3",3.09560967283677e-05,0.472727272727273,0.480503833022643,"ASXL3","ucec"
"147","ucec_ASTN1",0.00893960208705918,0.5,0.470291254894995,"ASTN1","ucec"
"148","ucec_ARID1B",2.91862245524105e-159,0.369021458538346,0.492221237638101,"ARID1B","ucec"
"149","ucec_ARID1A",9.27733105084648e-39,0.442477908859042,0.502551197649429,"ARID1A","ucec"
"150","ucec_APOB",1.52450196973883e-30,0.437358765675077,0.484185214379871,"APOB","ucec"
"151","ucec_ANKRD30A",4.44544068963196e-37,0.433333333333333,0.479504468459648,"ANKRD30A","ucec"
"152","ucec_ANK3",7.62811801221064e-19,0.452380952380952,0.478181185713512,"ANK3","ucec"
"153","ucec_ANK2",0.0166951356286314,0.5,0.473066950660849,"ANK2","ucec"
"154","ucec_ANK1",1.00123783160622e-27,0.445454545454546,0.482135175363643,"ANK1","ucec"
"155","ucec_AHNAK2",2.08042046638046e-59,0.418157204389354,0.488069067515107,"AHNAK2","ucec"
"156","ucec_AHNAK",9.23147960047333e-07,0.464285714285714,0.480059791345744,"AHNAK","ucec"
"157","ucec_ADGRV1",0.797884213267971,0.492028611384462,0.476248698613557,"ADGRV1","ucec"
"158","ucec_ADGRG4",4.39002831359883e-59,0.427272727272727,0.487664240861042,"ADGRG4","ucec"
"159","ucec_ADGB",0.110232733191181,0.5,0.476069158268469,"ADGB","ucec"
"160","ucec_ABCA13",5.74598821838425e-21,0.454545454545455,0.483436150445221,"ABCA13","ucec"
"161","ucec_ABCA12",2.74912862164639e-27,0.44483430739485,0.484039405777818,"ABCA12","ucec"
"162","pedbrain_MUC4",1.71296855553992e-25,0.466842940243258,0.417919987374734,"MUC4","pedbrain"
"163","pedbrain_MUC17",1.41224174022575e-10,0.46049953746531,0.425585492086468,"MUC17","pedbrain"
"164","pedbrain_FLG2",1.9751534050015e-21,0.468136514648143,0.42383009763214,"FLG2","pedbrain"
"165","pedbrain_TCHH",1.89933626280796e-19,0.474264705882353,0.424585098000591,"TCHH","pedbrain"
"166","pedbrain_AHNAK",1.25651966183819e-15,0.468145161290323,0.428174696898126,"AHNAK","pedbrain"
"167","pedbrain_MDC1",3.47588878420053e-49,0.50098814229249,0.42373145430421,"MDC1","pedbrain"
"168","pedbrain_AHNAK2",0.452481239236734,0.429841897233202,0.434188747269243,"AHNAK2","pedbrain"
"169","pedbrain_MUC16",0.027578981179544,0.420300751879699,0.433130502125776,"MUC16","pedbrain"
"170","pedbrain_IGFN1",5.30905179494376e-11,0.463157894736842,0.430235550952313,"IGFN1","pedbrain"
"171","pedbrain_ARMCX4",8.15945312320825e-23,0.375,0.434246319300667,"ARMCX4","pedbrain"
"172","pedbrain_RBMXL3",7.65820535880647e-50,0.5,0.420400563607085,"RBMXL3","pedbrain"
"173","pedbrain_TTN",6.31408485078996e-32,0.49010989010989,0.42524779094531,"TTN","pedbrain"
"174","pedbrain_MT.ND5",0.323888390728108,0.434065934065934,0.431118759040351,"MT.ND5","pedbrain"
"175","pedbrain_RP1L1",2.82928535432629e-61,0.516483516483517,0.420729774852013,"RP1L1","pedbrain"
"176","pedbrain_PRDM9",6.48345042740294e-63,0.517482517482518,0.424764471852449,"PRDM9","pedbrain"
"177","pedbrain_SHANK1",9.18642056760482e-07,0.461538461538462,0.431766637113466,"SHANK1","pedbrain"
"178","pedbrain_TP53",0.0155211455791335,0.412587412587413,0.425158815447608,"TP53","pedbrain"
"179","pedbrain_GOLGA6L2",7.61771606440398e-19,0.481818181818182,0.425751342398418,"GOLGA6L2","pedbrain"
"180","pedbrain_KMT2D",0.000399551198248521,0.445454545454545,0.430879170785136,"KMT2D","pedbrain"
"181","pedbrain_ACAN",2.60454341630381e-33,0.5,0.428096866401304,"ACAN","pedbrain"
"182","pedbrain_ZNF208",4.75844814399474e-62,0.515151515151515,0.423691062562717,"ZNF208","pedbrain"
"183","pedbrain_F5",6.55223162041478e-23,0.490909090909091,0.428999613041169,"F5","pedbrain"
"184","pedbrain_NPAS3",5.89642230415593e-25,0.490909090909091,0.430462186251812,"NPAS3","pedbrain"
"185","pedbrain_ZFP36L2",2.06249052321127e-21,0.483333333333333,0.42885743143661,"ZFP36L2","pedbrain"
"186","pedbrain_SVIL",0.00861043645788786,0.416666666666667,0.434594236655776,"SVIL","pedbrain"
"187","pedbrain_KMT2A",7.83323089786361e-15,0.483333333333333,0.430885217516774,"KMT2A","pedbrain"
"188","pedbrain_MEGF8",1.30762829701521e-21,0.483333333333333,0.42975666567038,"MEGF8","pedbrain"
"189","pedbrain_KMT2C",0.0123374001561759,0.416666666666667,0.433148762715533,"KMT2C","pedbrain"
"190","pedbrain_ZAN",3.21618462188493e-14,0.383333333333333,0.434867356509013,"ZAN","pedbrain"
"191","pdac_TTN",1.08345175400472e-52,0.377622377622378,0.288423980870178,"TTN","pdac"
"192","pdac_TP53",1.45712203181782e-06,0.304417116119004,0.290057716635041,"TP53","pdac"
"193","pdac_SYNE1",1.96662259898612e-11,0.357142857142857,0.294345534824099,"SYNE1","pdac"
"194","pdac_RYR2",7.55417301758892e-05,0.342657342657343,0.294846410913752,"RYR2","pdac"
"195","pdac_RNF43",1.2018552314277e-174,0.466666666666667,0.283569102653072,"RNF43","pdac"
"196","pdac_MUC4",0.0272811764148564,0.323076923076923,0.298099737532808,"MUC4","pdac"
"197","pdac_MUC16",0.863217099158491,0.318181818181818,0.29601408765653,"MUC16","pdac"
"198","pdac_KRAS",5.45934066282664e-41,0.294790752121744,0.4,"KRAS","pdac"
"199","pdac_HYDIN",3.33068361159542e-58,0.4,0.291505555069548,"HYDIN","pdac"
"200","pdac_FMN2",0.104394882623743,0.314285714285714,0.299027280858676,"FMN2","pdac"
"201","pdac_DNAH9",1.59318743825502e-31,0.4,0.293300592537234,"DNAH9","pdac"
"202","pdac_CTNNA2",2.33512435084747e-09,0.296703296703297,0.301020286916305,"CTNNA2","pdac"
"203","pdac_CDKN2A",3.71532802332844e-29,0.27304347826087,0.30668686349043,"CDKN2A","pdac"
"204","ov_TTN",0.0684520593009906,0.54656862745098,0.548942665067671,"TTN","ov"
"205","ov_TP53",0.279697536641397,0.550936043763085,0.547619047619048,"TP53","ov"
"206","ovcp_FMN2",2.33346080754275e-13,0.4,0.356102261780541,"FMN2","ovcp"
"207","ovcp_FSIP2",3.13887918005452e-17,0.416666666666667,0.353560051535042,"FSIP2","ovcp"
"208","ovcp_HERC1",0.00309245348240498,0.35,0.363291373565346,"HERC1","ovcp"
"209","ovcp_KMT2D",0.162303060143908,0.36969696969697,0.360248247475722,"KMT2D","ovcp"
"210","ovcp_MDC1",0.563686097531767,0.36969696969697,0.36059563711982,"MDC1","ovcp"
"211","ovcp_DST",5.64555386815428e-10,0.406060606060606,0.357836516817802,"DST","ovcp"
"212","ovcp_RP1L1",6.4900707372078e-23,0.418181818181818,0.355907132291466,"RP1L1","ovcp"
"213","ovcp_TCHH",0.104528233028305,0.381818181818182,0.359740124215935,"TCHH","ovcp"
"214","ovcp_BIRC6",1.33271646320159e-05,0.354545454545455,0.366029510395708,"BIRC6","ovcp"
"215","ovcp_WDFY4",4.23724084693214e-11,0.336363636363636,0.366831560994413,"WDFY4","ovcp"
"216","ovcp_MUC5B",0.00179867445480167,0.384615384615385,0.359581526112326,"MUC5B","ovcp"
"217","ovcp_FCGBP",0.276688849057448,0.373626373626374,0.356964072656396,"FCGBP","ovcp"
"218","ovcp_MUC12",1.58447384652903e-11,0.392997934259043,0.353754940711462,"MUC12","ovcp"
"219","ovcp_MUC17",0.00107787193692961,0.358241758241758,0.365977020269497,"MUC17","ovcp"
"220","ovcp_MT.ND5",8.64538555464752e-22,0.329411764705882,0.366258043379102,"MT.ND5","ovcp"
"221","ovcp_MUC16",1.31515688376e-05,0.385294117647059,0.359773600804948,"MUC16","ovcp"
"222","ovcp_TTN",4.51946888662493e-07,0.377435167615433,0.355048192831408,"TTN","ovcp"
"223","ovcp_MUC4",0.844015495952606,0.364198946742486,0.362874934145599,"MUC4","ovcp"
"224","ovcp_TP53",2.28634985108392e-10,0.365450454016804,0.3,"TP53","ovcp"
"225","lusc_ZNF831",0.000587985842404839,0.538235294117647,0.551401374933897,"ZNF831","lusc"
"226","lusc_ZNF729",0.107591066204014,0.547058823529412,0.553396113003406,"ZNF729","lusc"
"227","lusc_ZNF536",0.0470062959784686,0.554545454545455,0.5493504102672,"ZNF536","lusc"
"228","lusc_ZNF469",0.027748342169428,0.563636363636364,0.549047969703345,"ZNF469","lusc"
"229","lusc_ZNF208",8.06178543487678e-19,0.521978021978022,0.555776021056108,"ZNF208","lusc"
"230","lusc_ZFHX4",0.529638443004605,0.55409565915195,0.547133215346491,"ZFHX4","lusc"
"231","lusc_ZAN",0.499883241720457,0.552447552447553,0.553038524145415,"ZAN","lusc"
"232","lusc_XIRP2",3.01659109195117e-08,0.571480938416422,0.540816326530612,"XIRP2","lusc"
"233","lusc_WDFY4",2.98136580583734e-25,0.503030303030303,0.557951529669745,"WDFY4","lusc"
"234","lusc_WDFY3",2.90304545909872e-09,0.583333333333333,0.55156462585034,"WDFY3","lusc"
"235","lusc_VCAN",1.27540345746634e-08,0.573426573426574,0.549038758000646,"VCAN","lusc"
"236","lusc_USH2A",0.192389722449322,0.550413216084692,0.552974334503629,"USH2A","lusc"
"237","lusc_UNC80",0.0985629069884372,0.557142857142857,0.547355205814474,"UNC80","lusc"
"238","lusc_UNC13C",0.706804952930339,0.554545454545455,0.550430292598967,"UNC13C","lusc"
"239","lusc_TTN",0.00367402916981535,0.547311936822922,0.537391304347826,"TTN","lusc"
"240","lusc_TRPS1",0.551856065726781,0.566666666666667,0.554842300556586,"TRPS1","lusc"
"241","lusc_TRPA1",0.0124327460501589,0.565934065934066,0.55194568868981,"TRPA1","lusc"
"242","lusc_TPTE",6.68444357503423e-07,0.580419580419581,0.548821720098517,"TPTE","lusc"
"243","lusc_TNRC18",7.47688261708639e-29,0.517647058823529,0.557748478583692,"TNRC18","lusc"
"244","lusc_TMEM132D",0.100523085411463,0.543760587238848,0.553714797867824,"TMEM132D","lusc"
"245","lusc_TMEM132C",0.026767358086048,0.557894736842105,0.550051072522983,"TMEM132C","lusc"
"246","lusc_THSD7B",1.22111048072118e-08,0.531468531468532,0.552569476242471,"THSD7B","lusc"
"247","lusc_THSD7A",0.00556982605545501,0.543220763132794,0.550442628532516,"THSD7A","lusc"
"248","lusc_TEX13C",0.0931782977630337,0.545454545454546,0.553209224784663,"TEX13C","lusc"
"249","lusc_TENM3",0.00671244732692518,0.564705882352941,0.551562042445633,"TENM3","lusc"
"250","lusc_TENM1",8.34874423954087e-11,0.527272727272727,0.556451612903226,"TENM1","lusc"
"251","lusc_TACC2",0.346600288477964,0.560439560439561,0.55197115056268,"TACC2","lusc"
"252","lusc_SYNE2",2.8976334083775e-06,0.575757575757576,0.549594035011097,"SYNE2","lusc"
"253","lusc_SYNE1",0.0586172709836068,0.545590994371482,0.552735045997633,"SYNE1","lusc"
"254","lusc_STARD9",0.000558496851936964,0.563636363636364,0.550218593876818,"STARD9","lusc"
"255","lusc_SSPO",0.277796769790644,0.55008547008547,0.54966999221977,"SSPO","lusc"
"256","lusc_SPTA1",0.000159087860916961,0.56779294627935,0.547565543071161,"SPTA1","lusc"
"257","lusc_SPEG",3.3458139590393e-09,0.527272727272727,0.551331235969855,"SPEG","lusc"
"258","lusc_SPATA31D1",0.641969508527588,0.55,0.553704360155973,"SPATA31D1","lusc"
"259","lusc_SPATA31A6",0.720897008577907,0.551515151515152,0.551532211021715,"SPATA31A6","lusc"
"260","lusc_SORCS1",0.485524589683841,0.554545454545455,0.547794364510219,"SORCS1","lusc"
"261","lusc_SI",3.50833151830055e-29,0.513269339356296,0.561502439819745,"SI","lusc"
"262","lusc_SHANK1",7.16632857481449e-07,0.535603715170279,0.554916244803885,"SHANK1","lusc"
"263","lusc_SCN3A",0.0160713388434968,0.566666666666667,0.552447595982329,"SCN3A","lusc"
"264","lusc_SCN1A",0.0555140881744012,0.546428571428571,0.552549908985109,"SCN1A","lusc"
"265","lusc_SALL3",1.20192698899995e-14,0.582417582417582,0.549392315477144,"SALL3","lusc"
"266","lusc_SACS",0.0913279469515972,0.549019607843137,0.552333174072304,"SACS","lusc"
"267","lusc_RYR3",0.0226201969878523,0.56043956043956,0.548817461715283,"RYR3","lusc"
"268","lusc_RYR2",0.00357470711377941,0.557248830833737,0.53968253968254,"RYR2","lusc"
"269","lusc_RYR1",0.875013987384367,0.554545454545455,0.551414303419115,"RYR1","lusc"
"270","lusc_RP1L1",0.0279911231866191,0.563636363636364,0.549713418638308,"RP1L1","lusc"
"271","lusc_RP1",0.00824633110952517,0.544117647058824,0.549065240509841,"RP1","lusc"
"272","lusc_RIMS2",6.99981598518474e-07,0.570691434468524,0.550535344524312,"RIMS2","lusc"
"273","lusc_RIMS1",3.91452901667013e-07,0.532967032967033,0.554767994154183,"RIMS1","lusc"
"274","lusc_RELN",0.607922895584502,0.55,0.553506132219528,"RELN","lusc"
"275","lusc_RBMXL3",0.115283229341167,0.563636363636364,0.554377572262308,"RBMXL3","lusc"
"276","lusc_PXDNL",4.23764147330045e-09,0.573426573426574,0.546383653279282,"PXDNL","lusc"
"277","lusc_PRUNE2",0.622502113890694,0.55,0.552515360983103,"PRUNE2","lusc"
"278","lusc_PREX1",3.85770506677657e-10,0.516666666666667,0.554249465447092,"PREX1","lusc"
"279","lusc_PRDM9",0.00228170608902664,0.565217391304348,0.549318364073777,"PRDM9","lusc"
"280","lusc_PPP1R3A",2.24527868385544e-18,0.587412587412587,0.54863460056752,"PPP1R3A","lusc"
"281","lusc_PLXNA4",0.10974573493578,0.546943367508816,0.552442455904751,"PLXNA4","lusc"
"282","lusc_PLEC",0.0475313991943008,0.545454545454546,0.553778686485159,"PLEC","lusc"
"283","lusc_PKHD1L1",1.90558861138858e-13,0.576510446075663,0.543544506816359,"PKHD1L1","lusc"
"284","lusc_PKHD1",0.0880492837201469,0.541558441558442,0.552233263956068,"PKHD1","lusc"
"285","lusc_PKD1",0.0383547460684538,0.539393939393939,0.555377302362998,"PKD1","lusc"
"286","lusc_PIEZO2",0.308598717002572,0.557142857142857,0.547894721136343,"PIEZO2","lusc"
"287","lusc_PEG3",2.40841037438511e-05,0.56764705882353,0.552378897399935,"PEG3","lusc"
"288","lusc_PCLO",0.0618829064588359,0.557312252964427,0.549853429743991,"PCLO","lusc"
"289","lusc_PCDH17",2.11084377672761e-08,0.573626373626374,0.549160134378499,"PCDH17","lusc"
"290","lusc_PCDH15",0.149587258662942,0.555506117908788,0.549684512221464,"PCDH15","lusc"
"291","lusc_PCDH11X",2.73423607105282e-13,0.523809523809524,0.555412371134021,"PCDH11X","lusc"
"292","lusc_PAPPA2",3.85714595299165e-16,0.582142857142857,0.545311067797056,"PAPPA2","lusc"
"293","lusc_OTOGL",0.200175771899537,0.549450549450549,0.550881858902576,"OTOGL","lusc"
"294","lusc_OTOG",0.157945713887716,0.55,0.552034873649524,"OTOG","lusc"
"295","lusc_OBSCN",6.61680408275902e-27,0.518260869565217,0.561547028449934,"OBSCN","lusc"
"296","lusc_NRXN1",0.480729771319533,0.55944055944056,0.551505697232773,"NRXN1","lusc"
"297","lusc_NRK",0.981456393840538,0.55,0.550810142238714,"NRK","lusc"
"298","lusc_NPAP1",0.000498397637500306,0.567857142857143,0.548730267673301,"NPAP1","lusc"
"299","lusc_NOTCH3",0.899405266239748,0.552447552447553,0.552963917525773,"NOTCH3","lusc"
"300","lusc_NOS1",0.00948584583982254,0.554545454545455,0.548591749644381,"NOS1","lusc"
"301","lusc_NELL1",0.083477024964246,0.539393939393939,0.551439765126472,"NELL1","lusc"
"302","lusc_NEB",0.0174928837052201,0.56140350877193,0.548203949608444,"NEB","lusc"
"303","lusc_NAV3",7.5160858348288e-07,0.538461538461538,0.556672683766425,"NAV3","lusc"
"304","lusc_NALCN",0.18263842271139,0.545454545454546,0.554283328569587,"NALCN","lusc"
"305","lusc_MYT1L",0.0561473374441541,0.545454545454546,0.553024251227372,"MYT1L","lusc"
"306","lusc_MYO7B",3.13138793993304e-12,0.528571428571429,0.555491314390612,"MYO7B","lusc"
"307","lusc_MYO18B",0.129362441335138,0.551515151515152,0.550153332185733,"MYO18B","lusc"
"308","lusc_MYO16",0.000945638499389087,0.564912280701754,0.550537113292893,"MYO16","lusc"
"309","lusc_MYLK",5.02804947126657e-06,0.571428571428572,0.552081336310058,"MYLK","lusc"
"310","lusc_MYH2",0.692095697548668,0.554545454545455,0.553033204436954,"MYH2","lusc"
"311","lusc_MYH15",0.00416188451225055,0.538461538461539,0.553431904503527,"MYH15","lusc"
"312","lusc_MYH1",0.0132429850249016,0.564285714285714,0.550082622436097,"MYH1","lusc"
"313","lusc_MUC5B",0.000309652997769989,0.564499484004128,0.545238781193837,"MUC5B","lusc"
"314","lusc_MUC17",0.760657083128781,0.553162393162393,0.551401004937407,"MUC17","lusc"
"315","lusc_MUC12",0.00375023252972392,0.543931623931624,0.551299899145516,"MUC12","lusc"
"316","lusc_MGAM2",1.63915543787189e-06,0.571428571428571,0.548756119670632,"MGAM2","lusc"
"317","lusc_MEGF8",0.049641488428225,0.542857142857143,0.55348965210423,"MEGF8","lusc"
"318","lusc_MDN1",0.000328099988545193,0.571428571428572,0.5500513232472,"MDN1","lusc"
"319","lusc_MDGA2",0.000309447256389383,0.56764705882353,0.546691737435075,"MDGA2","lusc"
"320","lusc_MAGEL2",1.81652943476453e-05,0.568421052631579,0.546453948327841,"MAGEL2","lusc"
"321","lusc_LRRK2",0.260496926392842,0.556043956043956,0.553583620037738,"LRRK2","lusc"
"322","lusc_LRRC7",3.44915576382612e-05,0.564912280701754,0.548359190444242,"LRRC7","lusc"
"323","lusc_LRP1",0.0197012424542039,0.563636363636364,0.550376476738774,"LRP1","lusc"
"324","lusc_LRFN5",0.206619165338288,0.539393939393939,0.551639878474412,"LRFN5","lusc"
"325","lusc_LOXHD1",1.06640977033776e-06,0.575757575757576,0.546901797269986,"LOXHD1","lusc"
"326","lusc_LAMA5",0.00775593824243568,0.545454545454546,0.553906673901248,"LAMA5","lusc"
"327","lusc_LAMA2",8.05398998031048e-09,0.57843137254902,0.546938775510204,"LAMA2","lusc"
"328","lusc_LAMA1",0.000382640124229675,0.569230769230769,0.550756782140664,"LAMA1","lusc"
"329","lusc_KMT2B",1.89657400764787e-11,0.583333333333333,0.551638837353123,"KMT2B","lusc"
"330","lusc_KIAA1109",1.80056686139157e-09,0.532142857142857,0.554549252484259,"KIAA1109","lusc"
"331","lusc_IGFN1",0.00116373088383812,0.564285714285714,0.54802256716524,"IGFN1","lusc"
"332","lusc_HERC2",3.87264567550984e-15,0.582417582417582,0.546321833452584,"HERC2","lusc"
"333","lusc_HECW1",3.29437026807661e-10,0.523809523809524,0.555746066496024,"HECW1","lusc"
"334","lusc_GRM8",0.00274766344147269,0.545454545454546,0.555464969492952,"GRM8","lusc"
"335","lusc_GPR158",0.0396114884567275,0.545454545454546,0.553663475699558,"GPR158","lusc"
"336","lusc_GOLGA6L2",8.6359215112998e-12,0.531862745098039,0.555905047818505,"GOLGA6L2","lusc"
"337","lusc_FSIP2",0.363681086781404,0.545703338806787,0.553839121414925,"FSIP2","lusc"
"338","lusc_FRY",0.0136693633694132,0.564835164835165,0.549606435769313,"FRY","lusc"
"339","lusc_FREM3",0.000103481263837522,0.533333333333333,0.554586509766705,"FREM3","lusc"
"340","lusc_FMN2",0.584850111477856,0.557312252964427,0.549946223371134,"FMN2","lusc"
"341","lusc_FLG",0.0210046479472818,0.544422968336012,0.553903486013491,"FLG","lusc"
"342","lusc_FCGBP",4.96280436111738e-26,0.510714285714286,0.558594954469795,"FCGBP","lusc"
"343","lusc_FBN2",0.140931096318667,0.547058823529412,0.552167885720134,"FBN2","lusc"
"344","lusc_FAM47A",1.38523355765534e-05,0.539285714285714,0.554892423383367,"FAM47A","lusc"
"345","lusc_F5",0.189269686804604,0.554545454545455,0.552401115085209,"F5","lusc"
"346","lusc_EYS",0.194576535692574,0.556166056166056,0.546097798433248,"EYS","lusc"
"347","lusc_ERICH3",0.529777133144988,0.552795031055901,0.548961593172119,"ERICH3","lusc"
"348","lusc_DST",0.780486247474884,0.552047952047952,0.549536998324526,"DST","lusc"
"349","lusc_DSCAM",3.90673436472617e-31,0.510989010989011,0.55970940548147,"DSCAM","lusc"
"350","lusc_DPP6",1.22089982166591e-09,0.577472527472528,0.54777558650285,"DPP6","lusc"
"351","lusc_DOCK2",0.136101149551725,0.55,0.549573265893249,"DOCK2","lusc"
"352","lusc_DNAH9",0.00037185965093672,0.565217391304348,0.549412708146611,"DNAH9","lusc"
"353","lusc_DNAH8",2.58227245518273e-14,0.525,0.553999708175197,"DNAH8","lusc"
"354","lusc_DNAH7",2.00620193579814e-06,0.535087719298246,0.553200568990043,"DNAH7","lusc"
"355","lusc_DNAH6",6.85464882433823e-07,0.533539731682147,0.553640367123513,"DNAH6","lusc"
"356","lusc_DNAH5",3.99565623155031e-05,0.561831550802139,0.545454545454546,"DNAH5","lusc"
"357","lusc_DNAH3",0.0179168668504756,0.563636363636364,0.551865191435314,"DNAH3","lusc"
"358","lusc_DNAH17",0.128111124009492,0.539393939393939,0.552071086807929,"DNAH17","lusc"
"359","lusc_DNAH14",0.000158597203219887,0.571428571428572,0.54821808267435,"DNAH14","lusc"
"360","lusc_DNAH11",0.294985852412934,0.549019607843137,0.548160535117057,"DNAH11","lusc"
"361","lusc_DNAH10",4.72195960119621e-20,0.593406593406593,0.54412611606664,"DNAH10","lusc"
"362","lusc_DMD",0.202483461959852,0.547987616099071,0.551871736839784,"DMD","lusc"
"363","lusc_DCHS2",7.37660369939635e-12,0.527272727272727,0.555304886776311,"DCHS2","lusc"
"364","lusc_DCHS1",1.4141551575869e-05,0.535714285714286,0.55659543357581,"DCHS1","lusc"
"365","lusc_CUBN",8.23722674088985e-08,0.534782608695652,0.556040216250829,"CUBN","lusc"
"366","lusc_COL6A6",2.32901591697233e-06,0.573426573426574,0.551133598585112,"COL6A6","lusc"
"367","lusc_COL6A5",0.0718280808547905,0.543907846539425,0.55418478461632,"COL6A5","lusc"
"368","lusc_COL6A3",8.50597014794575e-06,0.536363636363636,0.553610955427475,"COL6A3","lusc"
"369","lusc_COL5A1",0.314468049575742,0.554545454545455,0.553500925741596,"COL5A1","lusc"
"370","lusc_COL22A1",0.414248227254278,0.546202265167782,0.54493670886076,"COL22A1","lusc"
"371","lusc_COL12A1",0.000157420618728022,0.566666666666667,0.552696396162821,"COL12A1","lusc"
"372","lusc_COL11A1",4.30976548840836e-06,0.536842105263158,0.553019347273793,"COL11A1","lusc"
"373","lusc_CNTNAP5",0.511453242027329,0.552631578947368,0.554002332871619,"CNTNAP5","lusc"
"374","lusc_CNTN6",3.81965866582494e-06,0.536363636363636,0.552954292084727,"CNTN6","lusc"
"375","lusc_CFAP47",3.05838814863835e-21,0.594405594405594,0.547788931090613,"CFAP47","lusc"
"376","lusc_CFAP46",4.37431845414104e-06,0.571428571428571,0.54729780603839,"CFAP46","lusc"
"377","lusc_CELSR1",0.98003149912453,0.55,0.550420168067227,"CELSR1","lusc"
"378","lusc_CDH23",8.37422437882233e-25,0.6,0.548031282659412,"CDH23","lusc"
"379","lusc_CDH12",0.25393565582487,0.551515151515152,0.552269975360079,"CDH12","lusc"
"380","lusc_CCDC168",0.161168954296717,0.55719759168035,0.544851569674907,"CCDC168","lusc"
"381","lusc_CACNA1G",0.303959483060227,0.55,0.555117814234989,"CACNA1G","lusc"
"382","lusc_CACNA1E",0.352501993145407,0.554545454545455,0.551817662103463,"CACNA1E","lusc"
"383","lusc_CACNA1C",1.38386932638142e-10,0.531468531468532,0.556721378187737,"CACNA1C","lusc"
"384","lusc_CACNA1A",0.959547957840333,0.551515151515152,0.550418994441292,"CACNA1A","lusc"
"385","lusc_C10orf71",5.29086996720636e-06,0.565934065934066,0.549323030682968,"C10orf71","lusc"
"386","lusc_ATP10A",0.0137215724761065,0.545923632610939,0.553294645429477,"ATP10A","lusc"
"387","lusc_ASXL3",0.525416630064082,0.551515151515152,0.549523903642291,"ASXL3","lusc"
"388","lusc_ASTN1",1.38299166849291e-05,0.571428571428571,0.548714391252077,"ASTN1","lusc"
"389","lusc_ASPM",0.015503363481986,0.542857142857143,0.555677655677656,"ASPM","lusc"
"390","lusc_APOB",0.00227013576138316,0.542857142857143,0.552944523470839,"APOB","lusc"
"391","lusc_ANKRD30A",0.599685762016856,0.554945054945055,0.552337625979843,"ANKRD30A","lusc"
"392","lusc_ANK3",2.25447071123677e-08,0.523809523809524,0.556355220098999,"ANK3","lusc"
"393","lusc_ANK2",0.00619403627057492,0.564705882352941,0.545273800533268,"ANK2","lusc"
"394","lusc_ALPK2",0.0408267118524037,0.566666666666667,0.551252588886259,"ALPK2","lusc"
"395","lusc_ALMS1",0.189929582317072,0.564785214785215,0.552216803890404,"ALMS1","lusc"
"396","lusc_AHNAK2",7.72753304681118e-05,0.571428571428572,0.54962976279286,"AHNAK2","lusc"
"397","lusc_AHNAK",8.43172376448721e-06,0.567857142857143,0.546492196592164,"AHNAK","lusc"
"398","lusc_ADGRV1",2.71607728082666e-06,0.573426573426574,0.549421966545868,"ADGRV1","lusc"
"399","lusc_ADGRL3",0.00187500283708876,0.536363636363636,0.554635081552074,"ADGRL3","lusc"
"400","lusc_ADGRG4",0.0377636879560616,0.545454545454546,0.55491047205643,"ADGRG4","lusc"
"401","lusc_ADGB",0.0171472896974424,0.545454545454546,0.552019776982958,"ADGB","lusc"
"402","lusc_ADCY8",2.7069189284558e-07,0.531468531468532,0.554709821166822,"ADCY8","lusc"
"403","lusc_ADAMTS20",0.01330649523703,0.541176470588235,0.551438743584606,"ADAMTS20","lusc"
"404","lusc_ADAMTS16",0.369351410211133,0.545454545454546,0.550919404396734,"ADAMTS16","lusc"
"405","lusc_ADAMTS12",0.00584536753853923,0.545736871823828,0.552413523548954,"ADAMTS12","lusc"
"406","lusc_ABCA13",1.31396771841817e-10,0.534313725490196,0.554750165975555,"ABCA13","lusc"
"407","lusc_ABCA12",5.30111733804123e-10,0.583333333333333,0.549177489177489,"ABCA12","lusc"
"408","lusc_RNF213",1.21525445338577e-31,0.6,0.546812539448769,"RNF213","lusc"
"409","lusc_PTPRT",0.0518536591076111,0.55,0.552597402597403,"PTPRT","lusc"
"410","lusc_NTRK3",0.543514892367424,0.55944055944056,0.550059005523523,"NTRK3","lusc"
"411","lusc_MUC16",0.0694762167938356,0.544117647058824,0.552246985750822,"MUC16","lusc"
"412","lusc_LRP1B",0.256761421661185,0.554697554697555,0.547889995258416,"LRP1B","lusc"
"413","lusc_KMT2C",0.192822164108912,0.560439560439561,0.551461548474812,"KMT2C","lusc"
"414","lusc_FAT4",4.10158588541007e-15,0.527272727272727,0.559058701946533,"FAT4","lusc"
"415","lusc_FAT3",0.268383804191614,0.547148503670243,0.553110995801689,"FAT3","lusc"
"416","lusc_FAM135B",0.000166705299457567,0.5625,0.54290140905672,"FAM135B","lusc"
"417","lusc_COL3A1",0.0397447003261812,0.565934065934066,0.551623691876146,"COL3A1","lusc"
"418","lusc_CNTNAP2",0.000246659985871419,0.563725490196079,0.54824016563147,"CNTNAP2","lusc"
"419","lusc_BIRC6",0.205004982505482,0.552447552447553,0.551511014552053,"BIRC6","lusc"
"420","lusc_MUC4",2.57658982983786e-07,0.572932330827068,0.546106160402945,"MUC4","lusc"
"421","lusc_FAT1",0.0572879040118426,0.548534798534799,0.552203706985169,"FAT1","lusc"
"422","lusc_ATM",1.52153663942294e-11,0.587878787878788,0.550216123493806,"ATM","lusc"
"423","lusc_NOTCH1",0.0195449692066136,0.564912280701754,0.551108704183431,"NOTCH1","lusc"
"424","lusc_PIK3CA",1.21721757915577e-06,0.573426573426574,0.549553292202617,"PIK3CA","lusc"
"425","lusc_NF1",0.145497067267078,0.55944055944056,0.550359790194633,"NF1","lusc"
"426","lusc_ARID1A",0.00814021763629024,0.544117647058824,0.553342169751707,"ARID1A","lusc"
"427","lusc_KMT2D",0.95816738768635,0.552391546162403,0.55076376196784,"KMT2D","lusc"
"428","lusc_CDKN2A",0.98663532005956,0.553921568627451,0.5520624303233,"CDKN2A","lusc"
"429","lusc_PTEN",2.46269735867839e-13,0.517482517482518,0.556375474769398,"PTEN","lusc"
"430","lusc_TP53",1.08024990133757e-10,0.553052102095506,0.5,"TP53","lusc"
"431","luad_MYO7B",1.28051597302717e-12,0.566666666666667,0.516449194269334,"MYO7B","luad"
"432","luad_SACS",1.1471365791553e-16,0.55,0.515514770561769,"SACS","luad"
"433","luad_HMCN1",1.14525118723401e-09,0.545454545454546,0.51604992249146,"HMCN1","luad"
"434","luad_HERC2",0.119567300604869,0.527472527472527,0.51757500534415,"HERC2","luad"
"435","luad_NELL1",0.352657386481233,0.523809523809524,0.521320851573728,"NELL1","luad"
"436","luad_ANK1",0.0051310039795133,0.533333333333333,0.517935793579358,"ANK1","luad"
"437","luad_AHNAK",0.100523061440452,0.514705882352941,0.519225030586971,"AHNAK","luad"
"438","luad_CUBN",0.230645471407524,0.516666666666667,0.517857313832807,"CUBN","luad"
"439","luad_CFAP47",0.0436445017959931,0.510989010989011,0.521269669017906,"CFAP47","luad"
"440","luad_CACNA1A",6.926771813659e-06,0.535714285714286,0.51954395439544,"CACNA1A","luad"
"441","luad_DNAH9",0.836304322366574,0.516483516483516,0.523163738349923,"DNAH9","luad"
"442","luad_PCDH17",0.0576474251077298,0.533333333333333,0.517700555500437,"PCDH17","luad"
"443","luad_ATM",0.000492288991837404,0.5,0.52035403540354,"ATM","luad"
"444","luad_MUC5B",0.0349373639192343,0.516483516483516,0.516965285554311,"MUC5B","luad"
"445","luad_CFAP46",0.463265518589177,0.518181818181818,0.516515981555316,"CFAP46","luad"
"446","luad_CDH23",8.38541190156231e-07,0.5,0.520883260848796,"CDH23","luad"
"447","luad_PRDM9",0.00116898246532349,0.538235294117647,0.515399851544317,"PRDM9","luad"
"448","luad_SI",0.161325193268825,0.524475524475525,0.520540514798837,"SI","luad"
"449","luad_DNAH7",0.00209539145198253,0.531468531468532,0.515076975663007,"DNAH7","luad"
"450","luad_OBSCN",0.391844662742741,0.521155830753354,0.515593707575784,"OBSCN","luad"
"451","luad_UNC13C",1.07065467823707e-08,0.545454545454546,0.514596044603408,"UNC13C","luad"
"452","luad_SETD1B",0.00269927086571051,0.510489510489511,0.522845575477154,"SETD1B","luad"
"453","luad_CACNA1C",0.00128619903954888,0.510989010989011,0.522184772527109,"CACNA1C","luad"
"454","luad_DYNC2H1",0.00143062362814685,0.533333333333333,0.520370398462019,"DYNC2H1","luad"
"455","luad_SPATA31A6",4.33153194889992e-26,0.466666666666667,0.522810803219709,"SPATA31A6","luad"
"456","luad_PPP1R3A",1.20480900449326e-33,0.472727272727273,0.525071884423873,"PPP1R3A","luad"
"457","luad_MDC1",6.55485208544967e-07,0.547619047619048,0.516501409038723,"MDC1","luad"
"458","luad_COL6A3",0.00377454571449091,0.503030303030303,0.521263478265206,"COL6A3","luad"
"459","luad_ZDBF2",1.37172634358134e-07,0.5,0.52115512773047,"ZDBF2","luad"
"460","luad_SCN1A",0.0463417025523915,0.516666666666667,0.519087022055431,"SCN1A","luad"
"461","luad_THSD7B",4.91956446334555e-07,0.55,0.517120487785843,"THSD7B","luad"
"462","luad_DNAH6",3.02321692474897e-12,0.545454545454546,0.517102436100963,"DNAH6","luad"
"463","luad_FLG2",8.90516289619738e-08,0.5,0.521667805878332,"FLG2","luad"
"464","luad_CSMD2",7.63709780381082e-09,0.542857142857143,0.513983311057328,"CSMD2","luad"
"465","luad_DMD",0.0175850114585654,0.510714285714286,0.520834161174454,"DMD","luad"
"466","luad_EYS",0.441671951258595,0.515584415584416,0.516325596139622,"EYS","luad"
"467","luad_DSP",0.0182968767274311,0.503030303030303,0.521423999458273,"DSP","luad"
"468","luad_MYO18B",0.221870471415124,0.517156862745098,0.519072792565079,"MYO18B","luad"
"469","luad_DSCAM",0.025375776886532,0.509090909090909,0.519465147263155,"DSCAM","luad"
"470","luad_LAMA5",0.000370669734894473,0.533333333333333,0.521008100810081,"LAMA5","luad"
"471","luad_SHANK1",4.89119558697846e-05,0.503030303030303,0.521669758812616,"SHANK1","luad"
"472","luad_LOXHD1",0.239047785784224,0.516666666666667,0.520128441697641,"LOXHD1","luad"
"473","luad_ZNF469",0.00115590614653901,0.507352941176471,0.518733720697255,"ZNF469","luad"
"474","luad_LRP1",0.0738227888458807,0.515151515151515,0.518503401360544,"LRP1","luad"
"475","luad_TRPS1",0.619656142530061,0.523809523809524,0.521081671414501,"TRPS1","luad"
"476","luad_TRPA1",0.0144888017563408,0.515151515151515,0.519786081751774,"TRPA1","luad"
"477","luad_CNTNAP2",0.388821055579438,0.52734778121775,0.515593707575784,"CNTNAP2","luad"
"478","luad_FLNC",1.09847714511084e-17,0.489285714285714,0.522876805808002,"FLNC","luad"
"479","luad_RELN",2.21951516888656e-11,0.545864661654135,0.509288482525685,"RELN","luad"
"480","luad_HECW1",4.85489222107254e-17,0.483516483516484,0.52200217037439,"HECW1","luad"
"481","luad_DNAH11",0.000259473047037834,0.533333333333333,0.517899789978998,"DNAH11","luad"
"482","luad_LAMA2",7.55310535276661e-15,0.551515151515152,0.513941672362725,"LAMA2","luad"
"483","luad_COL6A6",0.246307855064711,0.516666666666667,0.520061566343674,"COL6A6","luad"
"484","luad_LRP2",0.0048663110709811,0.538461538461539,0.515363688057025,"LRP2","luad"
"485","luad_TENM1",0.592864103291452,0.525274725274725,0.519428976409841,"TENM1","luad"
"486","luad_NALCN",0.389849632204537,0.515151515151515,0.518556947880916,"NALCN","luad"
"487","luad_TMEM132D",1.98947995923826e-06,0.5,0.52081301124011,"TMEM132D","luad"
"488","luad_ADAMTS20",2.60343105761031e-09,0.494505494505495,0.520632698768197,"ADAMTS20","luad"
"489","luad_PKHD1L1",0.00250787635553574,0.507142857142857,0.522752497225305,"PKHD1L1","luad"
"490","luad_PXDNL",0.098844187659989,0.510989010989011,0.521744438415627,"PXDNL","luad"
"491","luad_RIMS1",0.754396206656235,0.516666666666667,0.520384819097484,"RIMS1","luad"
"492","luad_DNAH8",0.475234310373071,0.517482517482518,0.518995435260246,"DNAH8","luad"
"493","luad_ADGRV1",9.8999741315404e-13,0.490909090909091,0.525343269247628,"ADGRV1","luad"
"494","luad_ERICH3",1.85112622343239e-07,0.545454545454546,0.516561017589522,"ERICH3","luad"
"495","luad_COL6A5",1.14383657058448e-05,0.505494505494505,0.522417669623425,"COL6A5","luad"
"496","luad_ARMCX4",0.00340871441032724,0.5,0.523900390039004,"ARMCX4","luad"
"497","luad_PIEZO2",0.00224242395515681,0.531862745098039,0.51408174309675,"PIEZO2","luad"
"498","luad_RYR3",2.37362395226122e-10,0.549019607843137,0.510868976353083,"RYR3","luad"
"499","luad_DST",3.35166695763663e-17,0.485714285714286,0.523163709315585,"DST","luad"
"500","luad_COL3A1",1.0839476692395e-11,0.490909090909091,0.523523207827237,"COL3A1","luad"
"501","luad_ADGRG4",1.55960319304349e-05,0.5,0.519890817469205,"ADGRG4","luad"
"502","luad_NRK",2.53177161402695e-11,0.5,0.523508921324598,"NRK","luad"
"503","luad_FAM47A",2.3074135387324e-17,0.48951048951049,0.524984220492321,"FAM47A","luad"
"504","luad_ZNF536",3.78472904229062e-08,0.502941176470588,0.521321357166304,"ZNF536","luad"
"505","luad_ZNF208",0.00117183170863495,0.5,0.523216321632163,"ZNF208","luad"
"506","luad_SALL3",0.000641484042403003,0.5,0.522344810440752,"SALL3","luad"
"507","luad_LAMA1",0.0217188009428271,0.527272727272727,0.518294111170457,"LAMA1","luad"
"508","luad_DNAH17",5.97615693295619e-13,0.55,0.515751575157516,"DNAH17","luad"
"509","luad_CACNA1G",0.0245535930313832,0.515151515151515,0.518342609771181,"CACNA1G","luad"
"510","luad_NF1",0.164846048176119,0.516483516483517,0.522172452407615,"NF1","luad"
"511","luad_MYH2",0.69755453852749,0.516666666666667,0.518741430369663,"MYH2","luad"
"512","luad_DNAH3",0.800131172294177,0.524475524475525,0.520247213923602,"DNAH3","luad"
"513","luad_ACAN",0.000186757943956596,0.503030303030303,0.520344125897398,"ACAN","luad"
"514","luad_NPAP1",0.269571174113715,0.523219814241486,0.515334281650071,"NPAP1","luad"
"515","luad_MAGEL2",0.387916435717374,0.516666666666667,0.519515979827519,"MAGEL2","luad"
"516","luad_LRFN5",0.911870595407698,0.518181818181818,0.520035193083794,"LRFN5","luad"
"517","luad_CCDC168",0.136592272379739,0.515527950310559,0.519149717326006,"CCDC168","luad"
"518","luad_OTOGL",0.19642899991318,0.509090909090909,0.519055011685886,"OTOGL","luad"
"519","luad_KMT2D",0.00105074081217715,0.533333333333333,0.518308750959086,"KMT2D","luad"
"520","luad_TENM4",1.70925920776083e-06,0.5,0.521767705978232,"TENM4","luad"
"521","luad_OTOG",0.292941550463762,0.517156862745098,0.522663871892483,"OTOG","luad"
"522","luad_DCHS1",0.762505965237469,0.524142524142524,0.518972423597091,"DCHS1","luad"
"523","luad_TACC2",0.000596609250414482,0.536363636363636,0.516279558737229,"TACC2","luad"
"524","luad_C10orf71",0.365793298061947,0.531468531468532,0.519632337471071,"C10orf71","luad"
"525","luad_ANKRD30A",3.21007698786129e-11,0.496503496503497,0.521242217890725,"ANKRD30A","luad"
"526","luad_CACNA1B",0.13162855856009,0.516483516483516,0.519031470428649,"CACNA1B","luad"
"527","luad_SVEP1",1.19434179286424e-07,0.5,0.522387774228717,"SVEP1","luad"
"528","luad_PRUNE2",0.30184851980251,0.517482517482518,0.519132653061224,"PRUNE2","luad"
"529","luad_RIMS2",1.2445324436336e-08,0.538461538461539,0.509195598603422,"RIMS2","luad"
"530","luad_ZFHX4",0.00166891142770781,0.50745166045706,0.51952648851383,"ZFHX4","luad"
"531","luad_DLGAP2",0.920678815359824,0.516666666666667,0.519559073261766,"DLGAP2","luad"
"532","luad_MGAM2",0.0110970077894558,0.510835913312694,0.518107978977544,"MGAM2","luad"
"533","luad_GRM8",4.47028902933409e-10,0.544117647058824,0.512011478817901,"GRM8","luad"
"534","luad_PTPRZ1",6.3966204927515e-07,0.5,0.523184446616961,"PTPRZ1","luad"
"535","luad_MUC17",0.00158793350774094,0.529367536488279,0.511072482324695,"MUC17","luad"
"536","luad_ABCA13",0.0017590058374261,0.512254901960784,0.519716410449679,"ABCA13","luad"
"537","luad_TNRC18",0.00426913669431978,0.503030303030303,0.519413919413919,"TNRC18","luad"
"538","luad_SYNE1",0.989495613060887,0.523529411764706,0.517352511115753,"SYNE1","luad"
"539","luad_MDN1",0.432223105937877,0.516666666666667,0.52038403840384,"MDN1","luad"
"540","luad_PKHD1",3.84961199752183e-05,0.506707946336429,0.519127249562032,"PKHD1","luad"
"541","luad_DOCK2",5.11700745021732e-17,0.481818181818182,0.521731091686909,"DOCK2","luad"
"542","luad_FBN2",0.225668543096664,0.515584415584416,0.51615062025134,"FBN2","luad"
"543","luad_NIPBL",1.58998808253251e-06,0.547619047619048,0.519145693429734,"NIPBL","luad"
"544","luad_CDH12",0.00413962243547339,0.536363636363636,0.517079583015801,"CDH12","luad"
"545","luad_ICE1",0.154316113705954,0.516483516483516,0.518766956049919,"ICE1","luad"
"546","luad_ADAMTS16",0.478925723525769,0.524475524475525,0.519219832279237,"ADAMTS16","luad"
"547","luad_DCHS2",3.26054993369731e-05,0.5,0.519138496667948,"DCHS2","luad"
"548","luad_FAT4",0.651288894506806,0.51702786377709,0.519594843971111,"FAT4","luad"
"549","luad_KIAA1211",0.394976419414736,0.520879120879121,0.515917258952133,"KIAA1211","luad"
"550","luad_MUC4",0.000155545788919632,0.535714285714286,0.51622048066845,"MUC4","luad"
"551","luad_SPEG",0.0205377141449042,0.511278195488722,0.519566138116442,"SPEG","luad"
"552","luad_UNC80",2.5034969242699e-13,0.490909090909091,0.521150164360799,"UNC80","luad"
"553","luad_FSIP2",1.05655871247786e-07,0.5,0.520401695682595,"FSIP2","luad"
"554","luad_SCN3A",7.90901674893568e-08,0.5,0.519996939731844,"SCN3A","luad"
"555","luad_LRP1B",0.379420484885886,0.516087516087516,0.516335455656312,"LRP1B","luad"
"556","luad_CTNNA2",3.82113889448809e-06,0.543956043956044,0.516965285554311,"CTNNA2","luad"
"557","luad_FMN2",0.228301948506765,0.509090909090909,0.521602041302926,"FMN2","luad"
"558","luad_DNAH14",0.0117301142720139,0.521428571428571,0.516352996423798,"DNAH14","luad"
"559","luad_USH2A",2.52493069042789e-06,0.502558398220245,0.5182570593963,"USH2A","luad"
"560","luad_IGFN1",0.0181115120336196,0.507142857142857,0.519316979077112,"IGFN1","luad"
"561","luad_ASPM",0.244676624425692,0.516483516483517,0.517091265397536,"ASPM","luad"
"562","luad_CACNA1E",8.09346140348938e-05,0.538235294117647,0.514495240368834,"CACNA1E","luad"
"563","luad_ASTN1",0.0318228997545234,0.516483516483516,0.520396444131964,"ASTN1","luad"
"564","luad_TEX13C",2.87150072006066e-06,0.539393939393939,0.516314162028448,"TEX13C","luad"
"565","luad_PCDH11X",3.00831832806793e-09,0.494505494505495,0.520895583816932,"PCDH11X","luad"
"566","luad_MXRA5",0.873808253925706,0.523529411764706,0.517882335249727,"MXRA5","luad"
"567","luad_PTPRT",5.79779417843471e-06,0.501754385964912,0.521242915770959,"PTPRT","luad"
"568","luad_PEG3",0.279530363506799,0.527272727272727,0.51856524427953,"PEG3","luad"
"569","luad_RYR1",0.0277117432019917,0.532142857142857,0.51737101374125,"RYR1","luad"
"570","luad_ZNF729",2.51054275968395e-21,0.475524475524476,0.52484130037004,"ZNF729","luad"
"571","luad_ALPK2",1.04465706233317e-06,0.5,0.520510037981552,"ALPK2","luad"
"572","luad_MYH1",0.000794735191008096,0.507352941176471,0.520275615155929,"MYH1","luad"
"573","luad_NTRK3",2.14187880994802e-21,0.482517482517482,0.52400629867702,"NTRK3","luad"
"574","luad_AHNAK2",0.00217141383339924,0.506512605042017,0.521589217695197,"AHNAK2","luad"
"575","luad_UNC79",0.515121378382143,0.519607843137255,0.519244329197669,"UNC79","luad"
"576","luad_SYNE2",2.79824958913322e-20,0.483516483516484,0.524279007377599,"SYNE2","luad"
"577","luad_NPAS3",0.258207559284318,0.515151515151515,0.520024737167594,"NPAS3","luad"
"578","luad_FRY",0.0788280441938774,0.515151515151515,0.519820269718402,"FRY","luad"
"579","luad_TMEM132C",0.00055443239127975,0.531468531468532,0.51884506773985,"TMEM132C","luad"
"580","luad_DNAH10",0.000446713652635818,0.536363636363636,0.515372694980159,"DNAH10","luad"
"581","luad_NOS1",2.05173846154125e-05,0.538461538461538,0.515004447965252,"NOS1","luad"
"582","luad_PTPRQ",0.0189530125500469,0.527272727272727,0.518775510204082,"PTPRQ","luad"
"583","luad_NAV3",1.68950383105115e-05,0.533568284813405,0.509004585897582,"NAV3","luad"
"584","luad_FAT3",0.56539814572735,0.514041514041514,0.51582369037612,"FAT3","luad"
"585","luad_SORCS1",0.399485020434209,0.516666666666667,0.519917551510145,"SORCS1","luad"
"586","luad_PCDH15",4.59374354780116e-13,0.49243176524232,0.523490661167096,"PCDH15","luad"
"587","luad_WDFY4",1.4733270059088e-05,0.5,0.519668737060041,"WDFY4","luad"
"588","luad_COL5A1",0.00947620868030683,0.533333333333333,0.522170829478878,"COL5A1","luad"
"589","luad_SPATA31D1",0.000200937643389485,0.503030303030303,0.521984120208316,"SPATA31D1","luad"
"590","luad_TAF1L",2.28764173425545e-05,0.5,0.521430183769295,"TAF1L","luad"
"591","luad_COL22A1",7.74240499582457e-10,0.5,0.524056511327315,"COL22A1","luad"
"592","luad_FAM135B",0.00301380289394823,0.527272727272727,0.512414800389484,"FAM135B","luad"
"593","luad_ADCY8",0.950140778801174,0.516666666666667,0.519777316763444,"ADCY8","luad"
"594","luad_CSMD3",0.393920205208735,0.517374517374517,0.513143280266568,"CSMD3","luad"
"595","luad_RP1L1",8.25256764628196e-05,0.5,0.520442666927379,"RP1L1","luad"
"596","luad_CSMD1",0.856402401453414,0.520045172219085,0.51636655245316,"CSMD1","luad"
"597","luad_SSPO",0.0426715903656517,0.514705882352941,0.517469907371731,"SSPO","luad"
"598","luad_PLXNA4",0.00757193456617127,0.507292707292707,0.519093318299558,"PLXNA4","luad"
"599","luad_ZAN",0.333315012184443,0.518181818181818,0.517673462583681,"ZAN","luad"
"600","luad_PCLO",0.000133551899683791,0.503952569169961,0.521785277006659,"PCLO","luad"
"601","luad_VCAN",0.125618441551569,0.514285714285714,0.517693474774186,"VCAN","luad"
"602","luad_ADAMTS12",0.00977277608595981,0.508771929824561,0.517219520019451,"ADAMTS12","luad"
"603","luad_DNAH5",3.83859625090563e-11,0.55,0.512676766089247,"DNAH5","luad"
"604","luad_FAT1",0.000386596328814595,0.534065934065934,0.514179731243001,"FAT1","luad"
"605","luad_TENM3",0.0202449281758802,0.510489510489511,0.518799797081555,"TENM3","luad"
"606","luad_FREM3",6.90235331713453e-05,0.5,0.523640149428018,"FREM3","luad"
"607","luad_ANK2",0.90190557692999,0.51578947368421,0.516331538074651,"ANK2","luad"
"608","luad_ADGRL3",1.91160495408062e-07,0.496428571428571,0.519490587174553,"ADGRL3","luad"
"609","luad_ABCA12",2.73929579534849e-06,0.5,0.521740174017402,"ABCA12","luad"
"610","luad_TTN",0.00255286319485976,0.52246963562753,0.509474236724696,"TTN","luad"
"611","luad_XIRP2",1.3196848721836e-14,0.492207792207792,0.524056919446304,"XIRP2","luad"
"612","luad_NEB",0.563676714030848,0.516483516483517,0.519584255449973,"NEB","luad"
"613","luad_CNTNAP5",0.521002681955007,0.515151515151515,0.519045009716069,"CNTNAP5","luad"
"614","luad_ALMS1",2.16020093535085e-05,0.503496503496504,0.523312436764154,"ALMS1","luad"
"615","luad_NRXN1",2.42734338471136e-07,0.536521739130435,0.50973964110263,"NRXN1","luad"
"616","luad_APOB",0.000535286397969764,0.529657299222517,0.510817347476416,"APOB","luad"
"617","luad_PAPPA2",0.750073039047442,0.521978021978022,0.518002299251145,"PAPPA2","luad"
"618","luad_F5",7.16900301312894e-12,0.549450549450549,0.51752325949814,"F5","luad"
"619","luad_SPTA1",0.101586667818137,0.513846153846154,0.514923806725158,"SPTA1","luad"
"620","luad_FLG",8.23567965137204e-06,0.504234895539243,0.51881030362043,"FLG","luad"
"621","luad_COL11A1",0.00104407974524789,0.508893280632411,0.517920656634747,"COL11A1","luad"
"622","luad_LRRC7",0.247395752676355,0.514285714285714,0.520499945815121,"LRRC7","luad"
"623","luad_MUC16",0.181314907836314,0.521594684385382,0.509667621769016,"MUC16","luad"
"624","luad_RYR2",0.055791828699573,0.50750469043152,0.515381804895871,"RYR2","luad"
"625","luad_NFASC",0.071756654393893,0.533333333333333,0.521769174063669,"NFASC","luad"
"626","luad_UBR4",3.78209453204037e-06,0.503496503496504,0.52474752787713,"UBR4","luad"
"627","luad_PREX1",0.0490513285419135,0.5,0.520580308622688,"PREX1","luad"
"628","luad_KRAS",1.45751680526554e-06,0.499717673630717,0.519835953520164,"KRAS","luad"
"629","luad_TP53",0.000323698722863576,0.518507618454854,0.50578631452581,"TP53","luad"
"630","hnsc_ZFHX4",0.00020536898593687,0.510640656691254,0.522788987518395,"ZFHX4","hnsc"
"631","hnsc_XIRP2",1.17778537505099e-26,0.481818181818182,0.528595285494978,"XIRP2","hnsc"
"632","hnsc_WDFY4",1.07234807826166e-19,0.571428571428572,0.51661900979437,"WDFY4","hnsc"
"633","hnsc_USH2A",0.00111162330108777,0.547619047619048,0.52236437705859,"USH2A","hnsc"
"634","hnsc_UNC79",2.16306303652113e-06,0.551515151515152,0.518759680560982,"UNC79","hnsc"
"635","hnsc_TP53",0.0476903470746102,0.523855319734308,0.519945471247289,"TP53","hnsc"
"636","hnsc_THSD7A",3.35417089904905e-05,0.5,0.523148754784455,"THSD7A","hnsc"
"637","hnsc_SYNE2",0.00186508186920331,0.518181818181818,0.520977864915049,"SYNE2","hnsc"
"638","hnsc_SYNE1",1.19170313803946e-52,0.452380952380952,0.530803819076727,"SYNE1","hnsc"
"639","hnsc_SRCAP",2.62886989092171e-75,0.6,0.511351955113557,"SRCAP","hnsc"
"640","hnsc_SPATA31D1",0.377769592465193,0.527272727272727,0.523619506106663,"SPATA31D1","hnsc"
"641","hnsc_SCN1A",5.62531273662734e-21,0.571429891243916,0.51603785528813,"SCN1A","hnsc"
"642","hnsc_RYR2",5.05561958978428e-09,0.501974598565361,0.524061711041228,"RYR2","hnsc"
"643","hnsc_RYR1",0.00193996996897864,0.516483516483517,0.523332177885702,"RYR1","hnsc"
"644","hnsc_RELN",0.00409168659600411,0.53994695242423,0.517772993472521,"RELN","hnsc"
"645","hnsc_PRDM9",6.75107418341607e-35,0.47416632407045,0.529793954818531,"PRDM9","hnsc"
"646","hnsc_PLEC",0.00518968972135726,0.516483516483516,0.522542509786976,"PLEC","hnsc"
"647","hnsc_PKHD1L1",0.892811794719421,0.527272727272727,0.520115066152983,"PKHD1L1","hnsc"
"648","hnsc_PIK3CA",1.37734389693608e-06,0.545454545454546,0.519295733279205,"PIK3CA","hnsc"
"649","hnsc_PEG3",7.0460950321639e-28,0.483333333333333,0.525757643105153,"PEG3","hnsc"
"650","hnsc_PCLO",5.77147740709457e-28,0.569052333481358,0.510918676675467,"PCLO","hnsc"
"651","hnsc_PCDH17",6.87239737160336e-07,0.508547627715608,0.522962072015617,"PCDH17","hnsc"
"652","hnsc_PCDH15",9.2549570382959e-29,0.478679957656235,0.527995461371793,"PCDH15","hnsc"
"653","hnsc_OBSCN",0.190182535083051,0.523809523809524,0.521999481700864,"OBSCN","hnsc"
"654","hnsc_NRXN1",0.00331805187586984,0.515151515151515,0.521206129626931,"NRXN1","hnsc"
"655","hnsc_NOTCH3",7.68696781541836e-29,0.483333333333333,0.528415522557055,"NOTCH3","hnsc"
"656","hnsc_NOTCH1",1.67548877418897e-06,0.505129988500869,0.524435807028247,"NOTCH1","hnsc"
"657","hnsc_NAV3",7.13078771462824e-32,0.483516483516484,0.529620249222804,"NAV3","hnsc"
"658","hnsc_MUC5B",4.72945964785123e-15,0.498624481575437,0.524762803241933,"MUC5B","hnsc"
"659","hnsc_MUC4",1.81738565745079e-05,0.505494505494505,0.523638532360908,"MUC4","hnsc"
"660","hnsc_MUC17",7.97154973224884e-11,0.553194044748859,0.516512941632705,"MUC17","hnsc"
"661","hnsc_MUC16",0.000289610089744962,0.514260690138639,0.524405151803849,"MUC16","hnsc"
"662","hnsc_MDGA2",0.454331974108332,0.528053124816669,0.523201204037201,"MDGA2","hnsc"
"663","hnsc_LRRK2",1.10072410224661e-51,0.450943400364045,0.529141965477593,"LRRK2","hnsc"
"664","hnsc_LRP2",0.0011382358885664,0.510464719340991,0.521578400469342,"LRP2","hnsc"
"665","hnsc_LRP1B",1.02353466615814e-13,0.495098039215686,0.526785924245264,"LRP1B","hnsc"
"666","hnsc_KMT2D",0.0397383972435502,0.533567405468076,0.51352492040097,"KMT2D","hnsc"
"667","hnsc_HYDIN",3.85184366774075e-07,0.5,0.522949605126916,"HYDIN","hnsc"
"668","hnsc_FSIP2",0.0354077042930443,0.538461538461539,0.517213025497138,"FSIP2","hnsc"
"669","hnsc_FRY",0.00895401901100403,0.55,0.520850056860464,"FRY","hnsc"
"670","hnsc_FMN2",0.000225239297958086,0.542857142857143,0.51674344241574,"FMN2","hnsc"
"671","hnsc_FAT4",2.62236617126465e-12,0.560986038653576,0.517536319311399,"FAT4","hnsc"
"672","hnsc_FAT3",4.42593845579598e-14,0.554945054945055,0.516361205074473,"FAT3","hnsc"
"673","hnsc_FAT2",0.00630300985782677,0.536363636363636,0.519388603998315,"FAT2","hnsc"
"674","hnsc_FAT1",4.27382657191822e-33,0.480424011124791,0.535248099175278,"FAT1","hnsc"
"675","hnsc_FAM135B",0.0132028994825002,0.542857142857143,0.519001649109208,"FAM135B","hnsc"
"676","hnsc_EYS",5.10867133564375e-19,0.490909090909091,0.527112510145635,"EYS","hnsc"
"677","hnsc_DYNC2H1",4.81911179956598e-14,0.566666666666667,0.5176714150595,"DYNC2H1","hnsc"
"678","hnsc_DNAH8",9.36819429501615e-05,0.55,0.519208335845981,"DNAH8","hnsc"
"679","hnsc_DNAH5",0.0541996670758563,0.532986914554893,0.51684621929916,"DNAH5","hnsc"
"680","hnsc_DNAH11",6.54699437845253e-09,0.5,0.525579762660368,"DNAH11","hnsc"
"681","hnsc_DMD",7.46846114727429e-29,0.583333333333333,0.515011394462854,"DMD","hnsc"
"682","hnsc_DCHS1",1.44330833515767e-51,0.6,0.514841447702206,"DCHS1","hnsc"
"683","hnsc_CTNNA2",7.12922568353575e-26,0.485964912280702,0.529744264823235,"CTNNA2","hnsc"
"684","hnsc_CSMD3",2.70045980854742e-09,0.505645003755313,0.523193511881993,"CSMD3","hnsc"
"685","hnsc_CSMD1",8.28978462981129e-15,0.553540366016994,0.516146734687873,"CSMD1","hnsc"
"686","hnsc_COL22A1",0.000187113023085614,0.509090909090909,0.52170059950492,"COL22A1","hnsc"
"687","hnsc_CFAP47",3.48664467280522e-17,0.566666666666667,0.515486504042771,"CFAP47","hnsc"
"688","hnsc_CDKN2A",1.59435914223881e-42,0.476378247715964,0.53652647480758,"CDKN2A","hnsc"
"689","hnsc_CCDC168",8.18730960636261e-06,0.51025189328759,0.524589230635627,"CCDC168","hnsc"
"690","hnsc_ATP10A",1.14975938431225e-07,0.505494505494505,0.526633936644417,"ATP10A","hnsc"
"691","hnsc_ASPM",6.42925552240027e-53,0.463636363636364,0.528952455392108,"ASPM","hnsc"
"692","hnsc_ARID1A",1.03855864246595e-09,0.551515151515152,0.516970411891668,"ARID1A","hnsc"
"693","hnsc_APOB",5.98510462369596e-12,0.553415909987294,0.515096921726536,"APOB","hnsc"
"694","hnsc_AHNAK2",1.12687103909377e-19,0.485714285714286,0.524295176045879,"AHNAK2","hnsc"
"695","hnsc_AHNAK",6.71431297446182e-14,0.492028611384462,0.524282858533068,"AHNAK","hnsc"
"696","hnsc_ADGRV1",1.6961944189131e-61,0.456036158272338,0.530443520012438,"ADGRV1","hnsc"
"697","hnsc_ADGB",1.79870269043127e-14,0.563636363636364,0.51746820513746,"ADGB","hnsc"
"698","hnsc_ABCA13",8.56151364676049e-26,0.483482451957484,0.529590059100814,"ABCA13","hnsc"
"699","gbm_MT.ND5",2.90226385765432e-11,0.475324675324675,0.495806824754193,"MT.ND5","gbm"
"700","gbm_TP53",0.0147133072583065,0.503508771929825,0.486781888997079,"TP53","gbm"
"701","gbm_TTN",1.21672210169688e-18,0.461538461538462,0.495251123705296,"TTN","gbm"
"702","gbm_TPTE",0.543164090673738,0.494505494505495,0.492905999609146,"TPTE","gbm"
"703","gbm_MUC12",0.148935758559863,0.496503496503497,0.493251005388986,"MUC12","gbm"
"704","gbm_MUC4",0.00960773526490181,0.510489510489511,0.488488177252003,"MUC4","gbm"
"705","gbm_PCLO",8.27435827091406e-05,0.510489510489511,0.489136280013208,"PCLO","gbm"
"706","gbm_CNTNAP2",2.33787617828752e-09,0.478787878787879,0.493053033212152,"CNTNAP2","gbm"
"707","gbm_RYR2",0.029207424993269,0.490909090909091,0.490454721566694,"RYR2","gbm"
"708","gbm_HMCN1",0.217996947851891,0.5,0.489615253660197,"HMCN1","gbm"
"709","gbm_PTEN",4.78573651031984e-06,0.483333333333333,0.493088185223017,"PTEN","gbm"
"710","gbm_FLG",4.78492470533893e-33,0.45,0.497531494722506,"FLG","gbm"
"711","coad_ZNF831",0.489041441006486,0.343879279925456,0.334067150394363,"ZNF831","coad"
"712","coad_ZNF536",2.87255723677454e-32,0.293706293706294,0.346622019095887,"ZNF536","coad"
"713","coad_ZNF469",0.000268120741024985,0.356295878035009,0.330070248199562,"ZNF469","coad"
"714","coad_ZNF208",2.71161483039355e-09,0.321212121212121,0.339768492223833,"ZNF208","coad"
"715","coad_ZFHX4",1.77134355847563e-16,0.382352941176471,0.329075450816958,"ZFHX4","coad"
"716","coad_ZDBF2",1.02885484364331e-11,0.316518525542603,0.342235949152225,"ZDBF2","coad"
"717","coad_XIRP2",1.83166473142225e-49,0.272727272727273,0.343622409552977,"XIRP2","coad"
"718","coad_WDFY4",0.609082734776317,0.354545454545455,0.336512388153551,"WDFY4","coad"
"719","coad_WDFY3",6.49395053493265e-84,0.241681631576729,0.349021117283246,"WDFY3","coad"
"720","coad_VCAN",2.09327653693103e-41,0.283516483516484,0.34455905679636,"VCAN","coad"
"721","coad_USH2A",1.35746664775486e-18,0.314285714285714,0.345612164404392,"USH2A","coad"
"722","coad_UNC80",2.77628117444923e-06,0.363636363636364,0.332064283490629,"UNC80","coad"
"723","coad_UNC79",3.08852820599655e-05,0.383333333333333,0.333683431186341,"UNC79","coad"
"724","coad_UNC13C",0.613835229606199,0.357142857142857,0.334783921601036,"UNC13C","coad"
"725","coad_UBR4",3.57302982902531e-14,0.384615384615385,0.329755873400279,"UBR4","coad"
"726","coad_TTN",5.19563707210629e-08,0.342219488220654,0.325403225806452,"TTN","coad"
"727","coad_TRPS1",0.00897538349866485,0.335294117647059,0.339668418930216,"TRPS1","coad"
"728","coad_TRPA1",0.025412515061995,0.336363636363636,0.336929647141161,"TRPA1","coad"
"729","coad_TPTE",0.558752797919242,0.351648351648352,0.341274755722547,"TPTE","coad"
"730","coad_TP53",0.604253228556153,0.335467980295566,0.336263736263736,"TP53","coad"
"731","coad_TNRC18",3.55483412379196e-23,0.305494505494506,0.343210025459327,"TNRC18","coad"
"732","coad_TMEM132D",0.0107210348205913,0.36969696969697,0.328170920982418,"TMEM132D","coad"
"733","coad_TMEM132C",1.68542098539773e-15,0.309090909090909,0.340791609033438,"TMEM132C","coad"
"734","coad_THSD7B",4.2914937044717e-08,0.377622377622378,0.334643298371419,"THSD7B","coad"
"735","coad_THSD7A",2.03972514109e-09,0.383333333333333,0.336693060031133,"THSD7A","coad"
"736","coad_TENM4",9.45475625173681e-05,0.331868131868132,0.340531395532067,"TENM4","coad"
"737","coad_TENM3",8.52519057804332e-24,0.300268216414773,0.345619205797459,"TENM3","coad"
"738","coad_TENM1",0.00766716924611066,0.335626177207245,0.337173549896096,"TENM1","coad"
"739","coad_TCHH",0.852977635647773,0.357142857142857,0.333106126174386,"TCHH","coad"
"740","coad_TAF1L",0.968526173986238,0.357575757575758,0.335177657173818,"TAF1L","coad"
"741","coad_TACC2",0.0011766542656634,0.321678321678322,0.337627581144942,"TACC2","coad"
"742","coad_SYNE2",3.39261261155116e-16,0.300699300699301,0.337264260082143,"SYNE2","coad"
"743","coad_SYNE1",0.299309848145593,0.338656055004182,0.337900545473809,"SYNE1","coad"
"744","coad_SVIL",5.88913805415826e-23,0.4,0.332819519336905,"SVIL","coad"
"745","coad_SSPO",0.00223795392221017,0.330425834740322,0.341268799453532,"SSPO","coad"
"746","coad_SRCAP",6.22255116456443e-16,0.397608333215688,0.3305852064866,"SRCAP","coad"
"747","coad_SPTA1",0.230534127268565,0.345454545454546,0.335471227455083,"SPTA1","coad"
"748","coad_SPEG",0.3755987724987,0.342798187138301,0.332560336698129,"SPEG","coad"
"749","coad_SPATA31D1",2.7807188856528e-06,0.383333333333333,0.335025302671413,"SPATA31D1","coad"
"750","coad_SPATA31A6",5.2220461491441e-05,0.383333333333333,0.336241105770189,"SPATA31A6","coad"
"751","coad_SETD1B",4.29418646973092e-26,0.292582417582418,0.338875184739366,"SETD1B","coad"
"752","coad_SCN3A",8.46605159304304e-11,0.375824175824176,0.333830371532013,"SCN3A","coad"
"753","coad_SALL3",1.13477584023443e-20,0.3,0.343258597643209,"SALL3","coad"
"754","coad_SACS",0.00174047801404257,0.353571428571429,0.329206338353189,"SACS","coad"
"755","coad_RYR3",0.0199228715276934,0.329541047188106,0.331318866580821,"RYR3","coad"
"756","coad_RYR2",4.28779535483882e-05,0.359343671830828,0.33163468618326,"RYR2","coad"
"757","coad_RYR1",0.0207566315406796,0.351185793396394,0.33445459171278,"RYR1","coad"
"758","coad_RP1L1",0.00176489860488435,0.36969696969697,0.333282519512343,"RP1L1","coad"
"759","coad_RP1",3.56968544299381e-05,0.328671328671329,0.337395019671525,"RP1","coad"
"760","coad_RNF43",0.000604989332319092,0.324398932212727,0.335509859904646,"RNF43","coad"
"761","coad_RNF213",4.64299895967412e-15,0.30989010989011,0.343936140320442,"RNF213","coad"
"762","coad_RIMS2",0.044457003386991,0.335664335664336,0.339518047961072,"RIMS2","coad"
"763","coad_RIMS1",0.00135854144733792,0.362886941119322,0.333077073980034,"RIMS1","coad"
"764","coad_RELN",0.0811608867256532,0.364051000849464,0.338334807079228,"RELN","coad"
"765","coad_RBMXL3",7.93688661136558e-26,0.4,0.328102969296,"RBMXL3","coad"
"766","coad_PXDNL",0.00203201955270318,0.333333333333333,0.337684216406789,"PXDNL","coad"
"767","coad_PTPRZ1",0.00638871981362668,0.36969696969697,0.334243404766109,"PTPRZ1","coad"
"768","coad_PTPRT",1.00444185343969e-10,0.318681318681319,0.340442056230836,"PTPRT","coad"
"769","coad_PRUNE2",0.167781385459749,0.366666666666667,0.338672128295047,"PRUNE2","coad"
"770","coad_PREX1",1.07731002004856e-09,0.390909090909091,0.332411542400275,"PREX1","coad"
"771","coad_PLXNA4",1.25569799935112e-07,0.383333333333333,0.334806406878976,"PLXNA4","coad"
"772","coad_PLEC",0.585519566350333,0.339356295878035,0.335641594526515,"PLEC","coad"
"773","coad_PKHD1L1",0.000821633586869018,0.333333333333333,0.340229931612109,"PKHD1L1","coad"
"774","coad_PKHD1",5.3328842638153e-43,0.410989010989011,0.322249899776265,"PKHD1","coad"
"775","coad_PKD1",1.01994531483241e-08,0.317647058823529,0.341558543929795,"PKD1","coad"
"776","coad_PIK3CA",0.751959619882674,0.340784215784216,0.3395425968282,"PIK3CA","coad"
"777","coad_PIEZO2",1.54390953770653e-22,0.287007136888432,0.340107816083411,"PIEZO2","coad"
"778","coad_PCLO",4.17546758801178e-12,0.315037366404365,0.339256945298567,"PCLO","coad"
"779","coad_PCDH17",7.35801740856918e-10,0.371428571428571,0.327201659130053,"PCDH17","coad"
"780","coad_PCDH15",2.64555728768585e-28,0.405594405594406,0.329097840137428,"PCDH15","coad"
"781","coad_PCDH11X",2.84794720082157e-06,0.328671328671329,0.341481935217169,"PCDH11X","coad"
"782","coad_PAPPA2",3.23942236650692e-11,0.373626373626374,0.332763088853439,"PAPPA2","coad"
"783","coad_OTOGL",2.52714758871216e-19,0.398601398601399,0.329578035835416,"OTOGL","coad"
"784","coad_OTOG",3.19695655052951e-11,0.381818181818182,0.332701216118046,"OTOG","coad"
"785","coad_OBSCN",5.57960290681549e-26,0.31013431013431,0.352487441442619,"OBSCN","coad"
"786","coad_NRXN1",1.17230909341458e-60,0.275,0.351366731969899,"NRXN1","coad"
"787","coad_NRK",0.064544022930549,0.35,0.341469558251548,"NRK","coad"
"788","coad_NPAS3",6.04015639879473e-05,0.317994415327175,0.338136282884223,"NPAS3","coad"
"789","coad_NPAP1",2.72864580106773e-21,0.416666666666667,0.33288528220732,"NPAP1","coad"
"790","coad_NOTCH3",0.158941253455751,0.34965034965035,0.334547769991553,"NOTCH3","coad"
"791","coad_NOTCH1",4.23682551528949e-05,0.323076923076923,0.337554009531915,"NOTCH1","coad"
"792","coad_NIPBL",0.531631330758905,0.356643356643357,0.335216515303385,"NIPBL","coad"
"793","coad_NFASC",0.968177249625749,0.34965034965035,0.333902857137721,"NFASC","coad"
"794","coad_NF1",5.5853825130975e-18,0.3,0.343730907220479,"NF1","coad"
"795","coad_NELL1",0.00423590238241753,0.335164835164835,0.340846330705005,"NELL1","coad"
"796","coad_NEB",2.16487942089254e-13,0.378571428571429,0.330190172010241,"NEB","coad"
"797","coad_NALCN",2.17177341889318e-19,0.3,0.338769259193506,"NALCN","coad"
"798","coad_MYT1L",0.750976493511933,0.35,0.33413527256821,"MYT1L","coad"
"799","coad_MYO7B",2.10849966449121e-13,0.310275255493758,0.337130662780346,"MYO7B","coad"
"800","coad_MYO18B",1.49206594757462e-11,0.314685314685315,0.345208176031229,"MYO18B","coad"
"801","coad_MYO16",0.220881667235871,0.353846153846154,0.337917166940019,"MYO16","coad"
"802","coad_MYH2",2.1170947311684e-18,0.3,0.341455895262848,"MYH2","coad"
"803","coad_MYH15",0.000993470078730391,0.366666666666667,0.335877191284186,"MYH15","coad"
"804","coad_MXRA5",1.25097158180576e-06,0.333333333333333,0.342105982608637,"MXRA5","coad"
"805","coad_MUC5B",1.22964919263052e-18,0.31008547008547,0.346246518275405,"MUC5B","coad"
"806","coad_MUC4",2.256596957415e-24,0.304437564499484,0.350148593219805,"MUC4","coad"
"807","coad_MUC17",0.0555606602036571,0.357205677997707,0.337088312382898,"MUC17","coad"
"808","coad_MUC16",0.522451000448447,0.337636154168412,0.334309494161321,"MUC16","coad"
"809","coad_MUC12",2.70945684053492e-22,0.312693498452012,0.345433378789566,"MUC12","coad"
"810","coad_MDN1",1.13723329050222e-09,0.377622377622378,0.332962093002648,"MDN1","coad"
"811","coad_MDGA2",3.12756975632834e-19,0.4,0.332027940604559,"MDGA2","coad"
"812","coad_MAGEL2",5.65245922467457e-15,0.384615384615385,0.333014102906164,"MAGEL2","coad"
"813","coad_LRRC7",0.0547613175058873,0.345454545454545,0.337773776377687,"LRRC7","coad"
"814","coad_LRP2",0.0880860877829354,0.335164835164835,0.337165592537392,"LRP2","coad"
"815","coad_LRP1B",0.000635370989735922,0.332352941176471,0.338312464609135,"LRP1B","coad"
"816","coad_LRP1",0.784943203727623,0.357575757575758,0.337669383123446,"LRP1","coad"
"817","coad_LOXHD1",1.0051414089178e-10,0.381818181818182,0.330365143089902,"LOXHD1","coad"
"818","coad_LAMA5",7.1745619693074e-17,0.302941176470588,0.338540373435462,"LAMA5","coad"
"819","coad_LAMA2",3.07066412058302e-05,0.368131868131868,0.33299749158628,"LAMA2","coad"
"820","coad_LAMA1",2.72569656980313e-05,0.321212121212121,0.337424763390045,"LAMA1","coad"
"821","coad_KRAS",0.322612078477676,0.338190818027468,0.333032687207954,"KRAS","coad"
"822","coad_KMT2D",0.867639708345994,0.338235294117647,0.331523243410072,"KMT2D","coad"
"823","coad_KMT2C",0.00557248110904983,0.356140350877193,0.331693902374531,"KMT2C","coad"
"824","coad_KMT2B",4.89043592254905e-14,0.311764705882353,0.342241949842155,"KMT2B","coad"
"825","coad_KMT2A",3.43417697075523e-29,0.4,0.328241829274506,"KMT2A","coad"
"826","coad_KIAA1109",4.83914386316596e-21,0.293706293706294,0.340776664629222,"KIAA1109","coad"
"827","coad_IGFN1",0.463429071440577,0.346428571428571,0.339879283240462,"IGFN1","coad"
"828","coad_ICE1",6.11512423842371e-15,0.309090909090909,0.339496519641942,"ICE1","coad"
"829","coad_HYDIN",0.245316012121831,0.353846153846154,0.332844173152818,"HYDIN","coad"
"830","coad_HMCN1",1.83366959286619e-06,0.323013415892673,0.341727637278023,"HMCN1","coad"
"831","coad_HERC2",1.55429376967274e-15,0.371428571428571,0.32519855156857,"HERC2","coad"
"832","coad_HERC1",0.0272879013665455,0.335664335664336,0.337735839509438,"HERC1","coad"
"833","coad_HECW1",0.0110109137343949,0.363636363636364,0.332931660970939,"HECW1","coad"
"834","coad_GRM8",0.046344861269866,0.336363636363636,0.339483885985439,"GRM8","coad"
"835","coad_GOLGA6L2",0.000286320194833896,0.328671328671329,0.333792803063549,"GOLGA6L2","coad"
"836","coad_FSIP2",0.175943466528929,0.342510059140814,0.334137577712528,"FSIP2","coad"
"837","coad_FRY",7.59392420970409e-33,0.405594405594406,0.327499852409194,"FRY","coad"
"838","coad_FREM3",1.73925115969762e-20,0.309090909090909,0.343620208310659,"FREM3","coad"
"839","coad_FLNC",0.00242677859999439,0.32967032967033,0.337778210622978,"FLNC","coad"
"840","coad_FLG2",8.8424143078473e-48,0.283333333333333,0.348564810736923,"FLG2","coad"
"841","coad_FLG",1.3291552715058e-19,0.303571428571429,0.345969848279361,"FLG","coad"
"842","coad_FCGBP",0.358538869642763,0.353846153846154,0.336219375502886,"FCGBP","coad"
"843","coad_FBN2",0.976556596846216,0.357142857142857,0.337671992133615,"FBN2","coad"
"844","coad_FAT4",4.39659241149175e-17,0.374104286192229,0.330859893403602,"FAT4","coad"
"845","coad_FAT3",0.101210706253859,0.347826086956522,0.333733003501541,"FAT3","coad"
"846","coad_FAT2",5.05586964012185e-10,0.318627450980392,0.341817005980235,"FAT2","coad"
"847","coad_FAT1",1.98758943030266e-11,0.305882352941176,0.342990505413608,"FAT1","coad"
"848","coad_FAM47A",0.222184966999172,0.363636363636364,0.334145453308171,"FAM47A","coad"
"849","coad_EYS",0.811658756151797,0.346153846153846,0.33467672366021,"EYS","coad"
"850","coad_DST",0.0333148108160358,0.355882352941176,0.336406150975258,"DST","coad"
"851","coad_DSP",0.000104061463581412,0.321212121212121,0.336014335885505,"DSP","coad"
"852","coad_DSCAM",1.35987257333638e-28,0.406060606060606,0.332977955604835,"DSCAM","coad"
"853","coad_DPP6",0.169900136308156,0.357142857142857,0.332504758972399,"DPP6","coad"
"854","coad_DOCK2",0.453340253703568,0.342657342657343,0.336319280081809,"DOCK2","coad"
"855","coad_DNAH9",4.74579530559608e-18,0.39010989010989,0.328467902489335,"DNAH9","coad"
"856","coad_DNAH7",1.02549505634229e-45,0.278571428571429,0.345561247718365,"DNAH7","coad"
"857","coad_DNAH6",0.00668559261809877,0.356643356643357,0.336801843772915,"DNAH6","coad"
"858","coad_DNAH5",2.23391788375215e-06,0.357142857142857,0.329463689803928,"DNAH5","coad"
"859","coad_DNAH3",3.07427608051825e-06,0.323529411764706,0.339654136771356,"DNAH3","coad"
"860","coad_DNAH17",8.73315888855629e-11,0.318681318681319,0.340480903585178,"DNAH17","coad"
"861","coad_DNAH14",0.107225978298236,0.357575757575758,0.338103414843602,"DNAH14","coad"
"862","coad_DNAH11",1.86838941340478e-12,0.308233069127105,0.340075301132295,"DNAH11","coad"
"863","coad_DNAH10",0.0001281381951155,0.324175824175824,0.335345775333472,"DNAH10","coad"
"864","coad_DMD",0.0192479688766933,0.355612817380875,0.336549808803921,"DMD","coad"
"865","coad_DLGAP2",4.09161552768481e-07,0.383333333333333,0.3324517442591,"DLGAP2","coad"
"866","coad_DCHS2",6.32279990036996e-20,0.300220831829683,0.343024414257082,"DCHS2","coad"
"867","coad_DCHS1",1.27044503458174e-18,0.4,0.331731464321365,"DCHS1","coad"
"868","coad_CUBN",2.02676254063531e-31,0.290909090909091,0.345592306562762,"CUBN","coad"
"869","coad_CTNNB1",9.64329603274044e-11,0.316666666666667,0.34233554727521,"CTNNB1","coad"
"870","coad_CSMD3",4.35437996072804e-05,0.321009164773797,0.345082086010797,"CSMD3","coad"
"871","coad_CSMD2",0.0133136205499337,0.366666666666667,0.336756596203706,"CSMD2","coad"
"872","coad_CSMD1",0.0405101503720882,0.335164835164835,0.341765447023177,"CSMD1","coad"
"873","coad_COL6A6",0.356479486728041,0.34965034965035,0.33452439492791,"COL6A6","coad"
"874","coad_COL6A5",3.11941705668623e-11,0.4,0.335074853745703,"COL6A5","coad"
"875","coad_COL6A3",0.0786059417440089,0.357575757575758,0.336903650058975,"COL6A3","coad"
"876","coad_COL5A1",1.48888693713572e-11,0.318796992481203,0.347665874526446,"COL5A1","coad"
"877","coad_COL3A1",0.344744163681597,0.345454545454545,0.337050356684132,"COL3A1","coad"
"878","coad_COL22A1",0.00251956399813362,0.357142857142857,0.33256577268828,"COL22A1","coad"
"879","coad_COL12A1",1.3926566260517e-09,0.381818181818182,0.333290698519362,"COL12A1","coad"
"880","coad_COL11A1",2.14708807682285e-11,0.314685314685315,0.341313272960832,"COL11A1","coad"
"881","coad_CNTNAP2",8.06249653034727e-08,0.383333333333333,0.333948465756637,"CNTNAP2","coad"
"882","coad_CFAP46",3.11960612229286e-17,0.392857142857143,0.327573988619923,"CFAP46","coad"
"883","coad_CELSR1",5.57968324987469e-07,0.319970393399611,0.336402315538791,"CELSR1","coad"
"884","coad_CDH23",0.332385876406222,0.342657342657343,0.334708094156182,"CDH23","coad"
"885","coad_CCDC168",0.00494402400519958,0.326362391224142,0.34062862520489,"CCDC168","coad"
"886","coad_CACNA1G",0.145445364989305,0.354545454545455,0.334872764389343,"CACNA1G","coad"
"887","coad_CACNA1E",0.451007637335269,0.35,0.340324450393815,"CACNA1E","coad"
"888","coad_CACNA1B",1.85606524401735e-14,0.30952380952381,0.340151463659622,"CACNA1B","coad"
"889","coad_CACNA1A",0.810731173299125,0.349450549450549,0.339253607514289,"CACNA1A","coad"
"890","coad_C10orf71",0.00766202606346933,0.363636363636364,0.334943563078549,"C10orf71","coad"
"891","coad_BIRC6",0.0700864439085812,0.345454545454545,0.339487085412711,"BIRC6","coad"
"892","coad_ATP10A",1.0086102914382e-37,0.283333333333333,0.344557923900012,"ATP10A","coad"
"893","coad_ATM",2.84975230290428e-05,0.333333333333333,0.342162827460774,"ATM","coad"
"894","coad_ASTN1",1.06020068500527e-30,0.290909090909091,0.340812214675968,"ASTN1","coad"
"895","coad_ASPM",0.0975195602096744,0.345454545454545,0.33706333339404,"ASPM","coad"
"896","coad_ARMCX4",4.56328451031621e-18,0.3,0.343858424725834,"ARMCX4","coad"
"897","coad_ARID1A",2.52900059831642e-17,0.310584718333535,0.348269945709877,"ARID1A","coad"
"898","coad_APOB",1.08496389885561e-05,0.320949432404541,0.33527769739246,"APOB","coad"
"899","coad_ANK3",0.00338565630868353,0.357142857142857,0.331466775712213,"ANK3","coad"
"900","coad_ANK2",5.3917741289365e-06,0.366896900734435,0.332665173437586,"ANK2","coad"
"901","coad_ANK1",3.2687263903892e-24,0.389010989010989,0.328776829547511,"ANK1","coad"
"902","coad_AHNAK2",1.06889775871109e-08,0.369154136668325,0.329971561906445,"AHNAK2","coad"
"903","coad_AHNAK",3.77749206485904e-60,0.272727272727273,0.349184436132707,"AHNAK","coad"
"904","coad_ADGRV1",7.2929375484527e-13,0.372549019607843,0.329395148206822,"ADGRV1","coad"
"905","coad_ADGRL3",1.82998108768279e-56,0.269594400916939,0.352525078586767,"ADGRL3","coad"
"906","coad_ADGRG4",0.0524378117261822,0.336363636363636,0.335194821093781,"ADGRG4","coad"
"907","coad_ADAMTS20",4.36091232957878e-14,0.314285714285714,0.34291028943932,"ADAMTS20","coad"
"908","coad_ADAMTS16",0.484340582485168,0.353175540922651,0.333959085143725,"ADAMTS16","coad"
"909","coad_ADAMTS12",4.86021353487209e-14,0.4,0.336076330034447,"ADAMTS12","coad"
"910","coad_ACAN",0.000432980167144376,0.371428571428571,0.335768731382568,"ACAN","coad"
"911","coad_ABCA13",0.00202375072052945,0.333333333333333,0.341619290655572,"ABCA13","coad"
"912","breast_ZFHX4",6.68205963614009e-36,0.483333333333333,0.410955486060284,"ZFHX4","breast"
"913","breast_TTN",3.9548750623735e-18,0.44418449197861,0.40502271846712,"TTN","breast"
"914","breast_TP53",0.0919688340052108,0.40265306122449,0.401826817683595,"TP53","breast"
"915","breast_SYNE1",1.02390004170541e-38,0.5,0.413047704597065,"SYNE1","breast"
"916","breast_SPTA1",5.49038874228709e-11,0.464285714285714,0.411179850618637,"SPTA1","breast"
"917","breast_RYR2",1.72303120241595e-11,0.466666666666667,0.418149910173664,"RYR2","breast"
"918","breast_RYR1",0.455053558518407,0.427272727272727,0.413762085696048,"RYR1","breast"
"919","breast_PTEN",6.0109779692889e-06,0.464285714285714,0.418461807172799,"PTEN","breast"
"920","breast_PIK3CA",0.000278478822985023,0.407464607464607,0.417550962658221,"PIK3CA","breast"
"921","breast_PCLO",3.64708487130988e-22,0.383333333333333,0.422199211140799,"PCLO","breast"
"922","breast_OBSCN",0.0786323525792966,0.412587412587413,0.420598341539497,"OBSCN","breast"
"923","breast_NEB",0.2535249256016,0.428571428571429,0.417159257867223,"NEB","breast"
"924","breast_MUC5B",3.32850561210049e-12,0.4,0.422707766705769,"MUC5B","breast"
"925","breast_MUC16",0.461536739894066,0.416666666666667,0.413018507952286,"MUC16","breast"
"926","breast_LRP2",0.0037443374853017,0.433333333333333,0.41802515137401,"LRP2","breast"
"927","breast_KMT2C",2.18450223572976e-23,0.381818181818182,0.420772542453958,"KMT2C","breast"
"928","breast_KIAA1109",5.35133252941654e-06,0.4,0.420583419952913,"KIAA1109","breast"
"929","breast_HMCN1",1.64631231955468e-12,0.395604395604396,0.419633644919986,"HMCN1","breast"
"930","breast_HERC1",0.319438054817579,0.427922077922078,0.416831310071759,"HERC1","breast"
"931","breast_FSIP2",0.00515260224129939,0.45,0.420810556633163,"FSIP2","breast"
"932","breast_FLG",0.341381726618963,0.427272727272727,0.417345319936541,"FLG","breast"
"933","breast_DST",6.22514694749455e-14,0.4,0.422375953108141,"DST","breast"
"934","breast_DNAH9",0.160430458205434,0.433333333333333,0.417092406956635,"DNAH9","breast"
"935","breast_DNAH11",0.121949006904212,0.433333333333333,0.416128817619269,"DNAH11","breast"
"936","breast_AHNAK",2.15495058468699e-28,0.478787878787879,0.412570485319856,"AHNAK","breast"
"937","breast_ABCA13",5.40010460195333e-22,0.467032967032967,0.413713774919019,"ABCA13","breast"
"938","brca_TTN",2.39240403152288e-23,0.364293085655315,0.31704267017914,"TTN","brca"
"939","brca_TP53",4.6260972957733e-29,0.343002384832874,0.303219777204719,"TP53","brca"
"940","brca_PIK3CA",0.0203244710799464,0.339243365330322,0.324701460046805,"PIK3CA","brca"
